ID,greek_letter,constellation,RA_hour,RA_min,RA_sec,dec_deg,dec_min,dec_sec,magnitude
3,,Psc,00,05,20.1,-05,42,27,4.61
15,alf,And,00,08,23.2,+29,05,26,2.06
21,bet,Cas,00,09,10.6,+59,08,59,2.27
25,eps,Phe,00,09,24.6,-45,44,51,3.87
33,,Cet,00,11,15.8,-15,28,05,4.89
39,gam,Peg,00,13,14.1,+15,11,01,2.84
45,chi,Peg,00,14,36.1,+20,12,24,4.80
48,,Cet,00,14,38.3,-18,55,58,4.46
63,tet,And,00,17,05.4,+38,40,54,4.61
68,sig,And,00,18,19.6,+36,47,07,4.52
74,iot,Cet,00,19,25.6,-08,49,26,3.55
77,zet,Tuc,00,20,04.2,-64,52,30,4.23
98,bet,Hyi,00,25,45.3,-77,15,16,2.79
99,alf,Phe,00,26,17.0,-42,18,22,2.38
100,kap,Phe,00,26,12.1,-43,40,48,3.93
105,eta,Scl,00,27,55.7,-33,00,26,4.81
123,lam,Cas,00,31,46.3,+54,31,20,4.73
125,lam1,Phe,00,31,24.9,-48,48,13,4.77
126,bet1,Tuc,00,31,32.7,-62,57,30,4.37
127,bet2,Tuc,00,31,33.6,-62,57,57,4.54
130,kap,Cas,00,32,59.9,+62,55,55,4.16
153,zet,Cas,00,36,58.2,+53,53,49,3.66
154,pi,And,00,36,52.8,+33,43,10,4.36
163,eps,And,00,38,33.3,+29,18,43,4.38
165,del,And,00,39,19.6,+30,51,40,3.28
168,alf,Cas,00,40,30.4,+56,32,15,2.23
179,xi,Cas,00,42,03.8,+50,30,45,4.81
180,mu,Phe,00,41,19.5,-46,05,06,4.59
184,pi,Cas,00,43,28.0,+47,01,29,4.94
188,bet,Cet,00,43,35.3,-17,59,12,2.01
191,eta,Phe,00,43,21.2,-57,27,47,4.36
193,omi,Cas,00,44,43.5,+48,17,04,4.50
194,phi1,Cet,00,44,11.3,-10,36,34,4.75
215,zet,And,00,47,20.3,+24,16,02,4.06
219,eta,Cas,00,49,06.0,+57,48,58,3.44
223,nu,Cas,00,48,50.0,+50,58,06,4.89
224,del,Psc,00,48,40.9,+07,35,06,4.44
226,nu,And,00,49,48.8,+41,04,44,4.53
244,,,00,53,04.1,+61,07,27,4.80
248,,Cet,00,53,00.4,-01,08,40,4.76
253,ups1,Cas,00,55,00.0,+58,58,22,4.84
264,gam,Cas,00,56,42.4,+60,43,00,2.47
265,ups2,Cas,00,56,39.7,+59,10,52,4.64
269,mu,And,00,56,45.1,+38,29,58,3.87
271,eta,And,00,57,12.4,+23,25,04,4.42
280,alf,Scl,00,58,36.3,-29,21,28,4.27
285,,,01,08,44.9,+86,15,26,4.26
294,eps,Psc,01,02,56.5,+07,53,24,4.28
322,bet,Phe,01,06,05.0,-46,43,08,3.30
334,eta,Cet,01,08,35.3,-10,10,56,3.44
335,phi,And,01,09,30.1,+47,14,31,4.25
337,bet,And,01,09,43.9,+35,37,14,2.05
338,zet,Phe,01,08,23.0,-55,14,45,3.92
343,tet,Cas,01,11,06.1,+55,09,00,4.34
351,chi,Psc,01,11,27.1,+21,02,05,4.66
352,tau,Psc,01,11,39.6,+30,05,23,4.51
360,phi,Psc,01,13,44.8,+24,35,01,4.66
370,nu,Phe,01,15,11.1,-45,31,54,4.96
377,kap,Tuc,01,15,46.2,-68,52,34,4.86
382,phi,Cas,01,20,04.8,+58,13,54,4.99
383,ups,Psc,01,19,27.9,+27,15,51,4.76
390,xi,And,01,22,20.3,+45,31,44,4.90
399,psi,Cas,01,25,56.0,+68,07,48,4.74
402,tet,Cet,01,24,01.3,-08,11,01,3.59
403,del,Cas,01,25,48.9,+60,14,07,2.68
412,,Cet,01,25,37.1,-14,35,56,4.90
417,omg,And,01,27,39.2,+45,24,25,4.82
424,alf,UMi,02,31,50.5,+89,15,51,2.02
429,gam,Phe,01,28,21.9,-43,19,06,3.41
434,mu,Psc,01,30,11.1,+06,08,38,4.84
437,eta,Psc,01,31,28.9,+15,20,45,3.62
440,del,Phe,01,31,15.0,-49,04,22,3.95
442,chi,Cas,01,33,55.9,+59,13,56,4.72
458,ups,And,01,36,47.8,+41,24,20,4.10
464,,And,01,37,59.5,+48,37,42,3.57
469,chi,And,01,39,20.9,+44,23,10,4.98
472,alf,Eri,01,37,42.9,-57,14,12,0.46
477,tau,And,01,40,34.7,+40,34,37,4.94
483,,,01,41,47.1,+42,36,49,4.96
489,nu,Psc,01,41,25.8,+05,29,15,4.44
496,phi,Per,01,43,39.6,+50,41,20,4.06
500,,,01,42,43.4,-03,41,25,5.00
509,tau,Cet,01,44,04.0,-15,56,15,3.50
510,omi,Psc,01,45,23.6,+09,09,28,4.26
531,chi,Cet,01,49,35.0,-10,41,11,4.68
539,zet,Cet,01,51,27.5,-10,20,06,3.72
542,eps,Cas,01,54,23.6,+63,40,13,3.37
544,alf,Tri,01,53,04.8,+29,34,44,3.42
545,gam1,Ari,01,53,31.7,+19,17,45,4.83
546,gam2,Ari,01,53,31.8,+19,17,37,4.75
548,omg,Cas,01,55,59.9,+68,41,07,4.99
549,xi,Psc,01,53,33.3,+03,11,15,4.63
553,bet,Ari,01,54,38.3,+20,48,29,2.65
555,psi,Phe,01,53,38.7,-46,18,10,4.41
565,,Cet,01,56,40.1,-22,31,36,4.85
566,chi,Eri,01,55,57.4,-51,36,32,3.70
569,lam,Ari,01,57,55.7,+23,35,46,4.79
570,eta2,Hyi,01,54,56.1,-67,38,51,4.69
574,,,01,57,10.0,-47,23,06,4.82
575,,Cas,02,01,57.3,+70,54,26,4.54
580,,Cas,02,03,26.0,+72,25,17,3.98
585,ups,Cet,02,00,00.2,-21,04,40,4.02
591,alf,Hyi,01,58,46.2,-61,34,12,2.86
596,alf,Psc,02,02,02.7,+02,45,49,4.33
603,gam1,And,02,03,53.9,+42,19,47,2.26
604,gam2,And,02,03,54.7,+42,19,51,4.84
612,nu,For,02,04,29.4,-29,17,49,4.69
617,alf,Ari,02,07,10.3,+23,27,45,2.01
620,,And,02,08,29.2,+37,51,33,4.83
622,bet,Tri,02,09,32.5,+34,59,14,3.00
623,,Ari,02,09,25.3,+25,56,24,4.98
642,,Tri,02,12,22.2,+30,18,11,4.94
643,,And,02,13,13.2,+44,13,55,4.83
649,xi1,Cet,02,12,59.9,+08,50,48,4.35
660,del,Tri,02,17,03.2,+34,13,28,4.87
664,gam,Tri,02,17,18.8,+33,50,50,4.01
674,phi,Eri,02,16,30.6,-51,30,44,3.56
681,omi,Cet,02,19,20.7,-02,58,39,3.05
699,,And,02,25,37.3,+50,16,43,4.70
705,del,Hyi,02,21,45.1,-68,39,34,4.09
707,iot,Cas,02,29,03.9,+67,24,09,4.53
708,ro,Cet,02,25,56.9,-12,17,26,4.89
718,xi2,Cet,02,28,09.5,+08,27,36,4.30
721,kap,Eri,02,26,59.1,-47,42,14,4.25
740,sig,Cet,02,32,05.1,-15,14,41,4.75
749,omg,For,02,33,50.6,-28,13,57,4.89
754,nu,Cet,02,35,52.4,+05,35,36,4.86
779,del,Cet,02,39,28.9,+00,19,43,4.06
781,eps,Cet,02,39,33.7,-11,52,20,4.84
788,,Per,02,42,14.9,+40,11,38,4.92
789,,,02,39,47.9,-42,53,30,4.75
794,iot,Eri,02,40,40.0,-39,51,19,4.11
799,tet,Per,02,44,11.9,+49,13,43,4.13
801,,Ari,02,43,27.0,+27,42,26,4.67
804,gam,Cet,02,43,18.0,+03,14,09,3.47
806,eps,Hyi,02,39,35.5,-68,16,01,4.11
811,pi,Cet,02,44,07.3,-13,51,32,4.24
813,mu,Cet,02,44,56.5,+10,06,51,4.27
818,tau1,Eri,02,45,06.1,-18,34,21,4.46
824,,Ari,02,47,54.5,+29,14,50,4.52
834,eta,Per,02,50,41.8,+55,53,44,3.79
837,zet,Hyi,02,45,32.6,-67,37,00,4.84
838,,Ari,02,49,59.0,+27,15,38,3.62
840,,Per,02,50,34.9,+38,19,07,4.23
841,bet,For,02,49,05.4,-32,24,22,4.46
843,,Per,02,51,30.8,+35,03,35,4.53
850,tau2,Eri,02,51,02.2,-21,00,15,4.77
854,tau,Per,02,54,15.4,+52,45,45,3.96
868,,,02,53,52.8,-49,53,25,3.92
872,nu,Hyi,02,50,28.7,-75,04,01,4.75
874,eta,Eri,02,56,25.6,-08,53,53,3.87
879,pi,Per,02,58,45.6,+39,39,46,4.70
882,,Per,02,59,03.6,+35,10,59,4.94
887,eps,Ari,02,59,12.6,+21,20,25,4.63
888,eps,Ari,02,59,12.6,+21,20,25,4.64
896,lam,Cet,02,59,42.8,+08,54,27,4.70
897,tet1,Eri,02,58,15.6,-40,18,17,3.42
898,tet2,Eri,02,58,16.2,-40,18,16,4.42
909,bet,Hor,02,58,47.8,-64,04,16,4.99
911,alf,Cet,03,02,16.7,+04,05,23,2.53
915,gam,Per,03,04,47.7,+53,30,23,2.93
918,,,03,05,32.4,+56,42,21,4.76
919,tau3,Eri,03,02,23.5,-23,37,28,4.09
921,ro,Per,03,05,10.5,+38,50,25,3.39
932,,,03,11,56.3,+74,23,37,4.88
936,bet,Per,03,08,10.1,+40,57,21,2.12
937,iot,Per,03,09,04.0,+49,36,48,4.05
941,kap,Per,03,09,29.7,+44,51,27,3.81
947,omg,Per,03,11,17.3,+39,36,42,4.64
951,del,Ari,03,11,37.7,+19,43,36,4.37
963,alf,For,03,12,04.2,-28,59,14,3.85
972,zet,Ari,03,14,54.0,+21,02,40,4.89
984,zet,Eri,03,15,49.9,-08,49,11,4.80
985,,,03,19,59.3,+65,39,09,4.85
991,,,03,18,43.7,+34,13,21,4.82
994,,Eri,03,18,22.1,-22,30,41,4.88
996,kap1,Cet,03,19,21.6,+03,22,13,4.84
999,,,03,20,20.3,+29,02,55,4.47
1002,,Per,03,21,26.5,+43,19,47,4.95
1003,tau4,Eri,03,19,30.9,-21,45,28,3.70
1008,,,03,19,55.6,-43,04,11,4.27
1017,alf,Per,03,24,19.3,+49,51,41,1.79
1030,omi,Tau,03,24,48.7,+09,01,44,3.60
1034,,,03,28,03.0,+49,03,46,4.98
1035,,,03,29,04.1,+59,56,25,4.22
1038,xi,Tau,03,27,10.1,+09,43,58,3.75
1040,,,03,29,54.8,+58,52,44,4.54
1044,,Per,03,29,22.0,+49,30,32,4.67
1052,sig,Per,03,30,34.4,+47,59,43,4.38
1066,,Tau,03,30,52.3,+12,56,12,4.10
1070,,Eri,03,30,37.0,-05,04,31,4.73
1083,kap,Ret,03,29,22.6,-62,56,16,4.72
1084,eps,Eri,03,32,55.8,-09,27,30,3.73
1087,psi,Per,03,36,29.3,+48,11,34,4.23
1088,tau5,Eri,03,33,47.2,-21,37,59,4.28
1101,,Tau,03,36,52.3,+00,24,06,4.28
1106,,,03,37,05.6,-40,16,29,4.58
1122,del,Per,03,42,55.4,+47,47,15,3.01
1123,,Per,03,42,22.5,+33,57,54,4.97
1129,,,03,46,02.3,+63,20,42,4.79
1131,omi,Per,03,44,19.1,+32,17,18,3.83
1134,del,For,03,42,14.9,-31,56,18,5.00
1135,nu,Per,03,45,11.6,+42,34,43,3.80
1136,del,Eri,03,43,14.8,-09,45,48,3.54
1142,,Tau,03,44,52.5,+24,06,48,3.70
1143,,,03,42,50.0,-37,18,49,4.59
1145,,Tau,03,45,12.4,+24,28,02,4.30
1148,gam,Cam,03,50,21.5,+71,19,57,4.66
1149,,Tau,03,45,49.5,+24,22,04,3.87
1155,,,03,49,31.2,+65,31,34,4.48
1156,,Tau,03,46,19.5,+23,56,54,4.18
1162,pi,Eri,03,46,08.4,-12,06,06,4.42
1165,eta,Tau,03,47,29.0,+24,06,18,2.87
1173,tau6,Eri,03,46,50.8,-23,14,59,4.23
1175,bet,Ret,03,44,12.0,-64,48,26,3.85
1178,,Tau,03,49,09.7,+24,03,12,3.62
1190,,,03,48,35.8,-37,37,14,4.86
1195,,,03,49,27.2,-36,12,01,4.17
1203,zet,Per,03,54,07.9,+31,53,01,2.85
1205,,,03,57,08.2,+61,06,32,5.00
1208,gam,Hyi,03,47,14.5,-74,14,21,3.24
1212,,Eri,03,54,17.4,-02,57,17,4.79
1213,tau8,Eri,03,53,42.6,-24,36,45,4.65
1220,eps,Per,03,57,51.2,+40,00,37,2.89
1228,xi,Per,03,58,57.8,+35,47,28,4.04
1231,gam,Eri,03,58,01.7,-13,30,31,2.94
1239,lam,Tau,04,00,40.8,+12,29,25,3.41
1240,tau9,Eri,03,59,55.4,-24,00,59,4.66
1247,del,Ret,03,58,44.7,-61,24,01,4.56
1251,nu,Tau,04,03,09.3,+05,59,22,3.91
1256,,Tau,04,04,41.7,+22,04,55,4.37
1261,lam,Per,04,06,35.0,+50,21,05,4.29
1264,gam,Ret,04,00,53.8,-62,09,34,4.51
1266,iot,Ret,04,01,18.2,-61,04,44,4.97
1273,,Per,04,08,39.6,+47,42,45,4.03
1298,omi1,Eri,04,11,51.9,-06,50,16,4.05
1302,del,Hor,04,10,50.5,-41,59,37,4.93
1303,mu,Per,04,14,53.8,+48,24,34,4.16
1306,,Per,04,14,53.3,+40,29,02,4.71
1311,,Tau,04,13,56.3,+09,15,49,4.84
1318,,Eri,04,14,23.6,-10,15,23,4.86
1320,mu,Tau,04,15,32.0,+08,53,32,4.28
1324,,,04,18,14.6,+50,17,44,4.61
1325,omi2,Eri,04,15,16.3,-07,39,10,4.43
1326,alf,Hor,04,14,00.1,-42,17,40,3.86
1329,omg2,Tau,04,17,15.6,+20,34,43,4.95
1336,alf,Ret,04,14,25.5,-62,28,26,3.35
1338,gam,Dor,04,16,01.6,-51,29,12,4.25
1343,,Per,04,20,24.6,+34,34,00,4.93
1346,gam,Tau,04,19,47.5,+15,37,39,3.65
1347,ups4,Eri,04,17,53.6,-33,47,54,3.56
1348,phi,Tau,04,20,21.2,+27,21,03,4.95
1350,,Per,04,21,33.1,+46,29,56,4.86
1355,eps,Ret,04,16,28.9,-59,18,07,4.44
1373,del1,Tau,04,22,56.0,+17,32,33,3.76
1380,del2,Tau,04,24,05.7,+17,26,38,4.80
1387,kap1,Tau,04,25,22.1,+22,17,38,4.22
1389,del3,Tau,04,25,29.3,+17,55,41,4.28
1392,ups,Tau,04,26,18.4,+22,48,49,4.28
1393,,Eri,04,24,02.1,-34,01,01,3.96
1394,,Tau,04,26,20.7,+15,37,06,4.50
1396,pi,Tau,04,26,36.4,+14,42,49,4.69
1407,,Tau,04,28,26.3,+16,21,35,4.97
1409,eps,Tau,04,28,36.9,+19,10,49,3.54
1411,tet1,Tau,04,28,34.4,+15,57,44,3.84
1412,tet2,Tau,04,28,39.7,+15,52,15,3.39
1427,,,04,30,33.6,+16,11,38,4.78
1437,,Eri,04,31,52.6,-00,02,39,4.89
1444,ro,Tau,04,33,50.8,+14,50,40,4.65
1453,ups1,Eri,04,33,30.6,-29,46,00,4.51
1454,,Per,04,36,41.3,+41,15,53,4.26
1457,alf,Tau,04,35,55.2,+16,30,33,0.86
1458,,Tau,04,35,39.2,+10,09,39,4.25
1463,nu,Eri,04,36,19.1,-03,21,09,3.92
1464,ups2,Eri,04,35,33.0,-30,33,45,3.82
1465,alf,Dor,04,33,59.8,-55,02,42,3.27
1473,,Tau,04,38,09.4,+12,30,39,4.27
1479,sig2,Tau,04,39,16.4,+15,55,05,4.70
1481,,Eri,04,38,10.7,-14,18,15,3.87
1496,,Eri,04,40,26.4,-19,40,18,4.30
1497,tau,Tau,04,42,14.6,+22,57,25,4.29
1502,alf,Cae,04,40,33.6,-41,51,50,4.45
1520,mu,Eri,04,45,30.1,-03,15,17,4.02
1533,,,04,49,54.6,+37,29,18,4.91
1542,alf,Cam,04,54,03.0,+66,20,34,4.29
1543,pi3,Ori,04,49,50.3,+06,57,41,3.18
1544,pi2,Ori,04,50,36.7,+08,54,01,4.35
1551,,Aur,04,52,37.9,+36,42,11,4.77
1552,pi4,Ori,04,51,12.3,+05,36,18,3.68
1556,omi1,Ori,04,52,31.9,+14,15,02,4.74
1560,omg,Eri,04,52,53.6,-05,27,10,4.39
1567,pi5,Ori,04,54,15.0,+02,26,26,3.73
1568,,Cam,04,57,17.1,+53,45,08,4.47
1570,pi1,Ori,04,54,53.7,+10,09,03,4.67
1577,iot,Aur,04,56,59.6,+33,09,58,2.69
1580,omi2,Ori,04,56,22.2,+13,30,52,4.06
1592,omg,Aur,04,59,15.3,+37,53,25,4.95
1601,pi6,Ori,04,58,32.8,+01,42,51,4.47
1603,bet,Cam,05,03,25.1,+60,26,32,4.02
1605,eps,Aur,05,01,58.1,+43,49,24,2.99
1611,,Eri,04,59,55.7,-12,32,15,4.78
1612,zet,Aur,05,02,28.6,+41,04,33,3.75
1617,psi,Eri,05,01,26.3,-07,10,26,4.81
1620,iot,Tau,05,03,05.7,+21,35,24,4.64
1621,,,05,01,25.5,-20,03,07,4.92
1637,,Aur,05,06,40.6,+51,35,52,5.00
1638,,Ori,05,04,34.1,+15,24,14,4.68
1641,eta,Aur,05,06,30.8,+41,14,04,3.18
1652,gam1,Cae,05,04,24.3,-35,29,00,4.55
1654,eps,Lep,05,05,27.6,-22,22,16,3.18
1656,,Tau,05,07,27.0,+18,38,42,5.00
1666,bet,Eri,05,07,50.9,-05,05,11,2.79
1674,zet,Dor,05,05,30.6,-57,28,22,4.72
1676,,Ori,05,09,41.9,+15,35,50,4.82
1679,lam,Eri,05,09,08.7,-08,45,15,4.27
1689,mu,Aur,05,13,25.6,+38,29,04,4.88
1696,iot,Lep,05,12,17.8,-11,52,09,4.44
1698,ro,Ori,05,13,17.4,+02,51,40,4.44
1702,mu,Lep,05,12,55.8,-16,12,20,3.29
1705,kap,Lep,05,13,13.8,-12,56,30,4.36
1708,alf,Aur,05,16,41.3,+45,59,53,0.08
1713,bet,Ori,05,14,32.2,-08,12,06,0.13
1726,,Aur,05,18,10.6,+33,22,18,4.54
1729,lam,Aur,05,19,08.4,+40,05,57,4.71
1735,tau,Ori,05,17,36.3,-06,50,40,3.59
1739,,Tau,05,19,16.5,+22,05,47,4.94
1743,omi,Col,05,17,29.0,-34,53,43,4.83
1744,tet,Dor,05,13,45.4,-67,11,08,4.83
1756,lam,Lep,05,19,34.4,-13,10,37,4.29
1762,,,05,20,26.8,-21,14,23,4.71
1765,,Ori,05,21,45.7,-00,22,57,4.74
1770,,Ori,05,22,49.9,+03,32,40,5.00
1773,sig,Aur,05,24,39.1,+37,23,08,4.99
1780,,Tau,05,24,25.4,+17,23,00,4.99
1784,,Ori,05,23,56.8,-07,48,29,4.12
1788,eta,Ori,05,24,28.6,-02,23,49,3.35
1789,psi1,Ori,05,24,44.8,+01,50,47,4.96
1790,gam,Ori,05,25,07.8,+06,20,59,1.64
1791,bet,Tau,05,26,17.5,+28,36,27,1.65
1810,,Tau,05,27,38.0,+21,56,13,4.89
1811,psi2,Ori,05,26,50.2,+03,05,44,4.59
1829,bet,Lep,05,28,14.7,-20,45,34,2.84
1834,,Ori,05,29,43.9,-01,05,32,4.71
1839,,Ori,05,30,47.0,+05,56,53,4.20
1843,chi,Aur,05,32,43.6,+32,11,31,4.79
1845,,Tau,05,32,12.7,+18,35,39,4.33
1852,del,Ori,05,32,00.3,-00,17,57,2.24
1855,ups,Ori,05,31,55.8,-07,18,06,4.63
1862,eps,Col,05,31,12.7,-35,28,14,3.87
1865,alf,Lep,05,32,43.7,-17,49,20,2.57
1876,phi1,Ori,05,34,49.2,+09,29,22,4.41
1879,lam,Ori,05,35,08.2,+09,56,03,3.66
1887,,,05,35,02.6,-06,00,07,4.78
1892,,Ori,05,35,23.1,-04,50,18,4.59
1899,iot,Ori,05,35,25.9,-05,54,36,2.76
1903,eps,Ori,05,36,12.7,-01,12,07,1.69
1907,phi2,Ori,05,36,54.3,+09,17,26,4.09
1910,zet,Tau,05,37,38.6,+21,08,33,3.03
1922,bet,Dor,05,33,37.5,-62,29,24,3.76
1931,sig,Ori,05,38,44.7,-02,36,00,3.80
1934,omg,Ori,05,39,11.1,+04,07,17,4.59
1937,,Ori,05,38,53.0,-07,12,47,4.81
1946,,Tau,05,41,17.7,+16,32,02,4.86
1948,zet,Ori,05,40,45.5,-01,56,34,2.05
1949,zet,Ori,05,40,45.5,-01,56,34,4.21
1952,,,05,40,50.6,-01,07,44,4.95
1956,alf,Col,05,39,38.9,-34,04,27,2.65
1963,,Ori,05,42,28.6,+01,28,29,4.90
1983,gam,Lep,05,44,27.8,-22,26,54,3.60
1995,tau,Aur,05,49,10.4,+39,10,52,4.53
1998,zet,Lep,05,46,57.3,-14,49,19,3.54
2002,,Tau,05,49,00.9,+24,34,03,4.86
2004,kap,Ori,05,47,45.3,-09,40,11,2.06
2010,,Tau,05,49,32.9,+12,39,04,4.91
2011,ups,Aur,05,51,02.4,+37,18,20,4.74
2012,nu,Aur,05,51,29.3,+39,08,55,3.97
2015,del,Dor,05,44,46.5,-65,44,08,4.35
2020,bet,Pic,05,47,17.1,-51,03,59,3.85
2029,xi,Aur,05,54,50.7,+55,42,25,5.00
2034,,Tau,05,53,19.6,+27,36,44,4.59
2035,del,Lep,05,51,19.2,-20,52,45,3.85
2037,,Ori,05,52,26.4,+01,51,19,4.78
2040,bet,Col,05,50,57.5,-35,46,06,3.12
2042,gam,Pic,05,49,49.6,-56,10,00,4.51
2047,chi1,Ori,05,54,22.9,+20,16,34,4.41
2056,lam,Col,05,53,06.8,-33,48,05,4.87
2061,alf,Ori,05,55,10.3,+07,24,25,0.50
2077,del,Aur,05,59,31.6,+54,17,05,3.72
2084,,Tau,05,57,59.6,+25,57,14,4.82
2085,eta,Lep,05,56,24.2,-14,10,04,3.72
2087,xi,Col,05,55,29.8,-37,07,15,4.97
2088,bet,Aur,05,59,31.7,+44,56,51,1.90
2091,pi,Aur,05,59,56.1,+45,56,13,4.25
2095,tet,Aur,05,59,43.2,+37,12,45,2.62
2102,,,05,54,06.1,-63,05,23,4.65
2106,gam,Col,05,57,32.2,-35,17,00,4.36
2113,,,06,00,03.3,-03,04,27,4.52
2120,eta,Col,05,59,08.7,-42,48,55,3.96
2124,mu,Ori,06,02,23.0,+09,38,51,4.12
2128,,Mon,06,01,50.3,-10,35,53,4.94
2134,,Gem,06,04,07.2,+23,15,48,4.15
2135,chi2,Ori,06,03,55.2,+20,08,18,4.63
2148,,Lep,06,04,59.0,-16,29,04,4.93
2155,tet,Lep,06,06,09.3,-14,56,07,4.67
2159,nu,Ori,06,07,34.3,+14,46,06,4.42
2198,,Ori,06,12,03.3,+16,07,50,4.92
2199,xi,Ori,06,11,56.4,+14,12,31,4.48
2209,,,06,18,50.8,+69,19,12,4.80
2212,del,Pic,06,10,17.9,-54,58,07,4.81
2215,,Lyn,06,17,54.9,+61,30,55,4.98
2216,eta,Gem,06,14,52.6,+22,30,24,3.28
2219,kap,Aur,06,15,22.6,+29,29,53,4.35
2227,gam,Mon,06,14,51.3,-06,16,29,3.96
2238,,Lyn,06,19,37.3,+59,00,39,4.48
2256,kap,Col,06,16,33.0,-35,08,26,4.37
2275,,,06,19,59.5,-02,56,40,4.90
2282,zet,CMa,06,20,18.7,-30,03,48,3.02
2286,mu,Gem,06,22,57.6,+22,30,49,2.87
2289,psi1,Aur,06,24,53.8,+49,17,17,4.75
2294,bet,CMa,06,22,41.9,-17,57,22,1.97
2296,del,Col,06,22,06.7,-33,26,11,3.85
2298,eps,Mon,06,23,46.0,+04,35,34,4.44
2326,alf,Car,06,23,57.2,-52,41,44,-0.72
2343,nu,Gem,06,28,57.7,+20,12,43,4.14
2356,bet,Mon,06,28,48.9,-07,01,59,4.60
2361,lam,CMa,06,28,10.1,-32,34,49,4.48
2385,,Mon,06,32,54.2,+07,19,58,4.50
2387,xi1,CMa,06,31,51.3,-23,25,06,4.33
2414,xi2,CMa,06,35,03.3,-22,57,53,4.54
2421,gam,Gem,06,37,42.7,+16,23,57,1.92
2427,psi2,Aur,06,39,19.8,+42,29,20,4.82
2429,nu2,CMa,06,36,41.0,-19,15,22,3.91
2435,,,06,34,58.5,-52,58,32,4.39
2443,nu3,CMa,06,37,53.3,-18,14,15,4.42
2450,,,06,39,16.6,-14,08,45,4.82
2451,nu,Pup,06,37,45.6,-43,11,45,3.17
2456,,Mon,06,40,58.6,+09,53,44,4.66
2462,,,06,38,37.6,-48,13,13,4.93
2470,,Lyn,06,46,14.1,+59,26,30,4.87
2473,eps,Gem,06,43,55.9,+25,07,52,2.98
2478,,Gem,06,43,59.2,+13,13,40,4.49
2484,xi,Gem,06,45,17.3,+12,53,44,3.36
2491,alf,CMa,06,45,08.9,-16,42,58,-1.46
2503,,Mon,06,47,19.8,+08,02,14,4.76
2506,,Mon,06,47,51.6,+02,24,44,4.46
2527,,,07,00,04.0,+76,58,39,4.55
2538,kap,CMa,06,49,50.4,-32,30,31,3.89
2540,tet,Gem,06,52,47.3,+33,57,40,3.60
2549,,,06,50,52.3,-34,22,02,4.99
2550,alf,Pic,06,48,11.4,-61,56,29,3.27
2553,tau,Pup,06,49,56.1,-50,36,53,2.93
2554,,,06,49,51.3,-53,37,20,4.40
2560,,Lyn,06,57,16.5,+58,25,21,4.35
2564,,Gem,06,54,38.6,+13,10,40,4.65
2571,,CMa,06,53,32.8,-20,13,27,4.83
2574,tet,CMa,06,54,11.3,-12,02,19,4.08
2580,omi1,CMa,06,54,07.8,-24,11,02,3.87
2585,,Lyn,06,57,37.0,+45,05,39,4.90
2590,pi,CMa,06,55,37.3,-20,08,11,4.69
2593,mu,CMa,06,56,06.6,-14,02,37,5.00
2596,iot,CMa,06,56,08.1,-17,03,15,4.37
2608,,,06,56,16.0,-48,43,16,4.95
2618,eps,CMa,06,58,37.5,-28,58,20,1.50
2646,sig,CMa,07,01,43.1,-27,56,06,3.43
2648,,Mon,07,02,54.6,-04,14,21,5.00
2650,zet,Gem,07,04,06.5,+20,34,13,3.79
2653,omi2,CMa,07,03,01.4,-23,50,00,3.01
2657,gam,CMa,07,03,45.4,-15,38,00,4.11
2672,,,07,03,53.7,-49,35,02,4.93
2693,del,CMa,07,08,23.4,-26,23,35,1.84
2696,,Aur,07,11,39.3,+39,19,14,4.99
2697,tau,Gem,07,11,08.3,+30,14,43,4.42
2701,,Mon,07,10,13.6,-04,14,14,4.92
2702,,,07,08,51.0,-39,39,21,4.83
2714,del,Mon,07,11,51.8,-00,29,34,4.15
2717,,Gem,07,13,22.2,+16,09,32,5.00
2736,gam2,Vol,07,08,45.0,-70,29,57,3.78
2740,,,07,12,33.6,-46,45,34,4.49
2742,,,07,31,04.5,+82,24,42,4.96
2745,,CMa,07,14,15.1,-26,21,09,4.65
2746,,,07,13,13.3,-45,10,59,4.89
2749,omg,CMa,07,14,48.6,-26,46,22,3.82
2762,,,07,14,38.1,-48,16,18,4.76
2763,lam,Gem,07,18,05.5,+16,32,25,3.58
2764,,,07,16,36.7,-23,18,56,4.79
2766,,,07,16,34.9,-27,52,52,4.60
2773,pi,Pup,07,17,08.5,-37,05,51,2.70
2777,del,Gem,07,20,07.3,+21,58,56,3.53
2781,,CMa,07,18,40.3,-24,33,32,4.95
2782,tau,CMa,07,18,42.4,-24,57,15,4.40
2787,,,07,18,18.4,-36,44,03,4.67
2803,del,Vol,07,16,49.8,-67,57,27,3.98
2812,,,07,22,13.5,-19,01,00,4.96
2818,,Lyn,07,26,42.8,+49,12,42,4.63
2821,iot,Gem,07,25,43.5,+27,47,53,3.79
2827,eta,CMa,07,24,05.6,-29,18,11,2.44
2828,eps,CMi,07,25,38.8,+09,16,34,4.99
2845,bet,CMi,07,27,09.0,+08,17,21,2.89
2852,ro,Gem,07,29,06.6,+31,47,04,4.18
2854,gam,CMi,07,28,09.7,+08,55,32,4.30
2864,,CMi,07,29,47.7,+12,00,24,4.55
2874,,,07,29,51.4,-23,01,28,4.86
2878,sig,Pup,07,29,13.8,-43,18,05,3.25
2881,,,07,30,42.5,-30,57,44,4.65
2890,alf,Gem,07,34,35.9,+31,53,18,1.58
2891,alf,Gem,07,34,35.9,+31,53,18,1.58
2902,,,07,33,47.8,-14,31,26,4.98
2905,ups,Gem,07,35,55.3,+26,53,44,4.06
2906,,,07,34,03.1,-22,17,46,4.45
2922,,,07,35,22.8,-28,22,10,4.63
2930,omi,Gem,07,39,09.9,+34,35,04,4.91
2934,,,07,35,39.7,-52,32,02,4.94
2937,,,07,37,22.0,-34,58,06,4.53
2943,alf,CMi,07,39,18.1,+05,13,30,0.37
2944,,,07,38,17.9,-25,21,54,4.70
2946,,Lyn,07,43,00.4,+58,42,37,4.99
2948,,,07,38,49.3,-26,48,07,4.50
2949,,,07,38,49.7,-26,48,13,4.62
2959,,,07,40,23.1,-15,15,49,4.96
2961,,,07,39,27.3,-38,18,30,4.85
2970,alf,Mon,07,41,14.8,-09,33,04,3.93
2973,sig,Gem,07,43,18.7,+28,53,00,4.29
2985,kap,Gem,07,44,26.8,+24,23,53,3.57
2990,bet,Gem,07,45,18.9,+28,01,34,1.14
2993,,Pup,07,43,32.3,-28,24,40,4.59
2996,,Pup,07,43,48.4,-28,57,18,3.95
3003,,Gem,07,46,07.4,+18,30,36,4.87
3017,,,07,45,15.2,-37,58,07,3.61
3024,zet,Vol,07,41,49.3,-72,36,22,3.95
3034,omi,Pup,07,48,05.1,-25,56,14,4.49
3045,xi,Pup,07,49,17.6,-24,51,35,3.30
3046,,,07,48,20.2,-47,04,40,4.71
3055,,,07,49,14.3,-46,22,24,4.11
3067,phi,Gem,07,53,29.7,+26,45,57,4.98
3080,,,07,52,13.0,-40,34,33,3.73
3084,,,07,52,38.6,-38,51,47,4.49
3089,,,07,53,03.7,-49,36,47,4.63
3090,,,07,53,18.2,-48,06,11,4.24
3102,,Pup,07,56,51.5,-22,52,49,4.20
3113,,,07,57,40.1,-30,20,04,4.79
3117,chi,Car,07,56,46.7,-52,58,56,3.47
3122,,Mon,07,59,44.1,-03,40,47,4.93
3129,,,07,58,14.3,-49,14,42,4.41
3131,,,07,59,52.0,-18,23,58,4.61
3141,,Mon,08,01,13.2,-01,23,33,4.67
3145,,,08,02,15.9,+02,20,04,4.38
3149,chi,Gem,08,03,31.0,+27,47,39,4.94
3159,,,08,00,20.0,-63,34,03,4.82
3165,zet,Pup,08,03,35.0,-40,00,11,2.25
3173,,Lyn,08,08,27.4,+51,30,24,4.84
3185,ro,Pup,08,07,32.6,-24,18,15,2.81
3188,zet,Mon,08,08,35.6,-02,59,02,4.33
3192,,Pup,08,09,01.5,-19,14,42,4.40
3206,gam1,Vel,08,09,29.2,-47,20,44,4.27
3207,gam2,Vel,08,09,31.9,-47,20,12,1.83
3211,,Pup,08,11,16.2,-12,55,37,4.72
3220,,,08,09,00.7,-61,18,07,4.76
3223,eps,Vol,08,07,55.9,-68,37,02,4.35
3225,,,08,11,21.5,-39,37,07,4.42
3226,,,08,11,25.9,-42,59,14,4.75
3229,,Pup,08,13,19.9,-15,47,18,5.01
3237,,,08,13,29.5,-35,53,59,4.77
3243,,,08,14,02.8,-40,20,53,4.44
3249,bet,Cnc,08,16,30.9,+09,11,08,3.54
3270,,,08,18,33.3,-36,39,34,4.45
3275,,Lyn,08,22,50.1,+43,11,17,4.25
3282,,,08,21,23.0,-33,03,16,4.83
3294,,,08,22,31.5,-48,29,25,4.82
3307,eps,Car,08,22,30.8,-59,30,34,1.86
3314,,,08,25,39.6,-03,54,23,3.90
3318,alf,Cha,08,18,31.7,-76,55,11,4.07
3323,omi,UMa,08,30,15.8,+60,43,05,3.42
3340,tet,Cha,08,20,38.7,-77,29,04,4.35
3347,bet,Vol,08,25,44.3,-66,08,13,3.77
3359,,,08,29,27.5,-44,43,30,4.99
3403,pi2,UMa,08,40,12.9,+64,19,41,4.61
3410,del,Hya,08,37,39.3,+05,42,13,4.17
3414,,,08,35,19.6,-58,00,33,4.86
3418,sig,Hya,08,38,45.4,+03,20,29,4.43
3426,,,08,37,38.6,-42,59,21,4.14
3431,,Hya,08,40,01.4,-12,28,32,4.98
3433,zet,Pyx,08,39,42.5,-29,33,40,4.89
3438,bet,Pyx,08,40,06.2,-35,18,29,3.98
3441,,Hya,08,41,43.2,-15,56,36,4.88
3445,,,08,40,37.6,-46,38,55,3.81
3447,omi,Vel,08,40,17.6,-52,55,19,3.60
3449,gam,Cnc,08,43,17.1,+21,28,06,4.66
3452,,,08,41,13.0,-47,19,01,4.77
3454,eta,Hya,08,43,13.4,+03,23,55,4.30
3457,,,08,40,37.0,-59,45,40,4.33
3459,,,08,43,40.4,-07,14,01,4.62
3461,del,Cnc,08,44,41.0,+18,09,15,3.94
3467,,,08,42,25.4,-53,06,50,4.86
3468,alf,Pyx,08,43,35.5,-33,11,11,3.68
3475,iot,Cnc,08,46,41.8,+28,45,36,4.02
3477,,,08,44,23.9,-42,38,57,4.07
3482,eps,Hya,08,46,46.5,+06,25,08,3.38
3484,,Hya,08,46,22.5,-13,32,52,4.32
3485,del,Vel,08,44,42.2,-54,42,30,1.96
3487,,,08,46,01.7,-46,02,30,3.91
3492,ro,Hya,08,48,25.9,+05,50,16,4.37
3498,,,08,46,42.7,-56,46,11,4.49
3518,gam,Pyx,08,50,31.9,-27,42,36,4.01
3520,,,08,49,47.7,-45,18,28,4.93
3547,zet,Hya,08,55,23.6,+05,56,44,3.10
3556,del,Pyx,08,55,31.5,-27,40,55,4.89
3569,iot,UMa,08,59,12.4,+48,02,30,3.14
3571,,,08,55,02.8,-60,38,40,3.84
3572,alf,Cnc,08,58,29.2,+11,51,28,4.26
3574,,,08,56,19.4,-52,43,25,4.69
3576,ro,UMa,09,02,32.7,+67,37,47,4.76
3579,,,09,00,38.3,+41,46,58,3.97
3582,,,08,56,58.3,-59,13,46,4.92
3591,,,09,00,05.4,-41,15,14,4.45
3594,kap,UMa,09,03,37.5,+47,09,24,3.60
3612,,,09,06,31.7,+38,27,08,4.58
3613,omg,Hya,09,05,58.3,+05,05,32,4.89
3614,,,09,04,09.2,-47,05,52,3.75
3615,alf,Vol,09,02,26.9,-66,23,46,4.00
3616,sig2,UMa,09,10,23.1,+67,08,04,4.81
3619,,UMa,09,08,52.2,+51,36,16,4.48
3624,tau,UMa,09,10,55.0,+63,30,49,4.67
3628,kap,Pyx,09,08,02.8,-25,51,30,4.56
3634,lam,Vel,09,07,59.7,-43,25,57,2.21
3642,,,09,05,38.4,-70,32,19,4.57
3643,,,09,05,09.3,-72,36,10,4.48
3654,,,09,11,04.3,-44,52,04,5.00
3659,,,09,10,57.9,-58,58,01,3.45
3662,,UMa,09,16,11.3,+54,01,18,4.84
3663,,,09,11,16.7,-62,19,02,3.98
3665,tet,Hya,09,14,21.8,+02,18,51,3.88
3682,,,09,15,36.7,-38,34,12,4.94
3684,,,09,15,45.1,-37,24,48,4.62
3685,bet,Car,09,13,12.1,-69,43,02,1.69
3690,,Lyn,09,18,50.6,+36,48,09,3.82
3696,,,09,16,12.2,-57,32,28,4.34
3699,iot,Car,09,17,05.4,-59,16,31,2.25
3705,alf,Lyn,09,21,03.2,+34,23,33,3.14
3706,,Hya,09,19,46.3,-11,58,30,4.81
3709,,Hya,09,20,28.9,-09,33,21,4.79
3718,tet,Pyx,09,21,29.6,-25,57,56,4.72
3728,,,09,20,57.1,-62,24,17,4.81
3731,kap,Leo,09,24,39.2,+26,10,56,4.46
3733,lam,Pyx,09,23,12.1,-28,50,02,4.68
3734,kap,Vel,09,22,06.8,-55,00,38,2.50
3748,alf,Hya,09,27,35.2,-08,39,31,1.97
3749,,,09,27,18.3,-22,20,38,4.68
3751,,,09,37,05.2,+81,19,35,4.30
3757,,UMa,09,31,31.7,+63,03,43,3.67
3759,tau1,Hya,09,29,08.8,-02,46,08,4.61
3765,eps,Ant,09,29,14.7,-35,57,06,4.51
3771,,UMa,09,34,28.8,+69,49,49,4.57
3773,lam,Leo,09,31,43.1,+22,58,04,4.31
3775,tet,UMa,09,32,51.3,+51,40,38,3.18
3782,xi,Leo,09,31,56.7,+11,17,59,4.97
3786,psi,Vel,09,30,41.9,-40,28,00,3.60
3787,tau2,Hya,09,31,58.9,-01,11,05,4.57
3799,,UMa,09,34,49.4,+52,03,05,4.51
3800,,LMi,09,34,13.3,+36,23,51,4.55
3803,,,09,31,13.3,-57,02,04,3.13
3809,,,09,35,03.8,+39,37,17,4.81
3825,,,09,34,26.6,-59,13,46,4.09
3827,,Leo,09,37,12.6,+06,50,09,5.00
3834,,,09,38,27.2,+04,38,57,4.68
3836,,,09,36,49.7,-49,21,18,4.35
3845,iot,Hya,09,39,51.3,-01,08,34,3.91
3852,omi,Leo,09,41,09.0,+09,53,32,3.52
3856,,,09,39,21.0,-61,19,41,4.53
3858,,,09,41,16.9,-23,35,30,4.76
3862,,,09,42,14.4,-23,54,56,4.91
3871,tet,Ant,09,44,12.1,-27,46,10,4.79
3873,eps,Leo,09,45,51.0,+23,46,27,2.98
3884,,,09,45,14.8,-62,30,28,3.69
3888,ups,UMa,09,50,59.3,+59,02,19,3.81
3890,ups,Car,09,47,06.1,-65,04,18,2.96
3894,phi,UMa,09,52,06.3,+54,03,51,4.60
3903,ups1,Hya,09,51,28.6,-14,50,48,4.11
3905,mu,Leo,09,52,45.8,+26,00,25,3.88
3912,,,09,51,40.7,-46,32,52,4.58
3919,,,09,54,12.2,-25,55,55,4.88
3923,,,09,54,52.1,-19,00,34,4.94
3940,phi,Vel,09,56,51.7,-54,34,04,3.53
3950,pi,Leo,10,00,12.7,+08,02,39,4.70
3970,ups2,Hya,10,05,07.4,-13,03,53,4.59
3974,,LMi,10,07,25.7,+35,14,41,4.49
3975,eta,Leo,10,07,19.9,+16,45,45,3.41
3980,,Leo,10,07,54.2,+09,59,51,4.38
3981,alf,Sex,10,07,56.2,-00,22,18,4.50
3982,alf,Leo,10,08,22.3,+11,58,02,1.35
3990,,,10,08,56.2,-51,48,40,4.87
3994,lam,Hya,10,10,35.2,-12,21,15,3.61
4023,,,10,14,44.1,-42,07,19,3.85
4031,zet,Leo,10,16,41.3,+23,25,02,3.41
4033,lam,UMa,10,17,05.7,+42,54,52,3.45
4037,omg,Car,10,13,44.3,-70,02,16,3.33
4050,,,10,17,04.9,-61,19,56,3.40
4054,,Leo,10,19,44.1,+19,28,15,4.80
4057,gam1,Leo,10,19,58.3,+19,50,30,2.61
4058,gam2,Leo,10,19,58.6,+19,50,25,3.80
4063,,,10,19,36.8,-55,01,46,4.57
4069,mu,UMa,10,22,19.7,+41,29,58,3.05
4072,,,10,24,07.8,+65,33,59,4.99
4074,,,10,20,55.4,-56,02,36,4.50
4080,,,10,22,19.5,-41,39,00,4.83
4089,,,10,22,58.1,-66,54,06,4.99
4090,,LMi,10,25,54.8,+33,47,46,4.74
4094,mu,Hya,10,26,05.4,-16,50,11,3.79
4100,bet,LMi,10,27,52.9,+36,42,26,4.21
4102,,,10,24,23.7,-74,01,54,4.00
4104,alf,Ant,10,27,09.1,-31,04,04,4.25
4110,,,10,27,24.4,-57,38,20,4.66
4112,,UMa,10,30,37.5,+55,58,50,4.84
4114,,,10,27,52.7,-58,44,22,3.81
4126,,,10,35,05.5,+75,42,46,4.84
4132,,,10,33,13.8,+40,25,31,4.75
4133,ro,Leo,10,32,48.6,+09,18,24,3.85
4134,,,10,31,21.8,-53,42,56,4.89
4138,,,10,30,20.0,-71,59,34,4.75
4140,,,10,32,01.4,-61,41,07,3.32
4142,,,10,31,02.0,-73,13,18,4.93
4159,,,10,35,35.2,-57,33,27,4.45
4162,,,10,37,13.7,-27,24,46,4.89
4163,,,10,37,33.1,-13,23,04,4.82
4166,,LMi,10,38,43.2,+31,58,34,4.72
4167,,,10,37,18.0,-48,13,33,3.84
4171,phi3,Hya,10,38,34.9,-16,52,36,4.91
4174,gam,Cha,10,35,28.1,-78,36,27,4.11
4177,,,10,38,45.1,-59,10,59,4.66
4180,,,10,39,18.3,-55,36,12,4.28
4181,,,10,43,04.0,+69,04,34,5.00
4196,,,10,42,14.0,-64,27,58,4.82
4199,tet,Car,10,42,57.4,-64,23,40,2.77
4200,,,10,43,32.1,-60,33,59,4.58
4205,,,10,44,06.9,-63,57,40,4.83
4216,mu,Vel,10,46,46.1,-49,25,12,2.69
4222,,,10,46,51.2,-64,23,00,4.86
4232,nu,Hya,10,49,37.4,-16,11,37,3.11
4234,del2,Cha,10,45,46.6,-80,32,24,4.46
4247,,LMi,10,53,18.6,+34,12,53,3.83
4248,omg,UMa,10,53,58.7,+43,11,24,4.71
4257,,,10,53,29.6,-58,51,12,3.78
4259,,Leo,10,55,36.7,+24,44,59,4.50
4273,iot,Ant,10,56,43.0,-37,08,16,4.60
4287,alf,Crt,10,59,46.4,-18,17,56,4.07
4291,,Leo,11,00,33.6,+03,37,03,4.84
4293,,,11,00,09.2,-42,13,33,4.39
4294,,Leo,11,00,44.7,+06,06,05,4.99
4295,bet,UMa,11,01,50.4,+56,22,56,2.37
4299,,Leo,11,01,49.6,-02,29,04,4.75
4300,,Leo,11,02,19.7,+20,10,47,4.42
4301,alf,UMa,11,03,43.6,+61,45,03,1.79
4310,chi,Leo,11,05,01.0,+07,20,10,4.63
4314,chi1,Hya,11,05,19.9,-27,17,36,4.94
4325,,,11,06,32.4,-62,25,26,4.61
4335,psi,UMa,11,09,39.7,+44,29,54,3.01
4337,,,11,08,35.3,-58,58,30,3.83
4343,bet,Crt,11,11,39.4,-22,49,33,4.48
4352,,,11,12,36.0,-60,19,03,4.62
4357,del,Leo,11,14,06.4,+20,31,25,2.56
4359,tet,Leo,11,14,14.3,+15,25,46,3.35
4362,,Leo,11,15,12.2,+23,05,44,4.63
4368,phi,Leo,11,16,39.6,-03,39,06,4.47
4374,xi,UMa,11,18,10.9,+31,31,45,4.87
4375,xi,UMa,11,18,10.9,+31,31,45,4.41
4377,nu,UMa,11,18,28.7,+33,05,39,3.49
4380,,UMa,11,19,07.8,+38,11,08,4.79
4382,del,Crt,11,19,20.4,-14,46,43,3.56
4386,sig,Leo,11,21,08.1,+06,01,46,4.05
4390,pi,Cen,11,21,00.4,-54,29,27,3.90
4392,,UMa,11,22,49.5,+43,28,58,5.03
4396,,,11,23,12.5,-36,09,54,5.00
4399,iot,Leo,11,23,55.4,+10,31,45,3.94
4402,eps,Crt,11,24,36.5,-10,51,34,4.83
4405,gam,Crt,11,24,52.8,-17,41,03,4.08
4418,tau,Leo,11,27,56.2,+02,51,22,4.91
4432,,Leo,11,30,18.8,-03,00,13,4.77
4434,lam,Dra,11,31,24.2,+69,19,52,3.85
4450,xi,Hya,11,33,00.1,-31,51,27,3.54
4460,,,11,34,45.6,-54,15,51,4.62
4467,lam,Cen,11,35,46.8,-63,01,11,3.13
4468,tet,Crt,11,36,40.8,-09,48,08,4.70
4471,ups,Leo,11,36,56.9,-00,49,26,4.30
4494,omi,Hya,11,40,12.7,-34,44,41,4.70
4499,,,11,40,53.6,-62,05,23,4.94
4514,zet,Crt,11,44,45.7,-18,21,03,4.72
4515,xi,Vir,11,45,17.0,+08,15,30,4.85
4517,nu,Vir,11,45,51.5,+06,31,46,4.04
4518,chi,UMa,11,46,03.0,+47,46,46,3.72
4520,lam,Mus,11,45,36.4,-66,43,43,3.64
4522,,,11,46,30.7,-61,10,42,4.10
4523,,,11,46,31.0,-40,30,01,4.88
4527,,Leo,11,47,59.1,+20,13,08,4.53
4530,mu,Mus,11,48,14.4,-66,48,53,4.72
4534,bet,Leo,11,49,03.5,+14,34,19,2.14
4537,,,11,49,41.0,-63,47,18,4.34
4538,,,11,49,56.3,-70,13,32,4.98
4540,bet,Vir,11,50,41.6,+01,45,53,3.60
4546,,,11,51,08.1,-45,10,26,4.46
4549,,,11,51,51.2,-65,12,22,4.91
4552,bet,Hya,11,52,54.5,-33,54,28,4.28
4554,gam,UMa,11,53,49.8,+53,41,41,2.44
4583,eps,Cha,11,59,37.3,-78,13,18,4.91
4589,pi,Vir,12,00,52.3,+06,36,51,4.67
4599,tet1,Cru,12,03,01.5,-63,18,46,4.34
4603,tet2,Cru,12,04,19.2,-63,09,56,4.73
4608,omi,Vir,12,05,12.5,+08,43,59,4.12
4616,eta,Cru,12,06,52.8,-64,36,49,4.15
4618,,,12,08,05.1,-50,39,40,4.47
4621,del,Cen,12,08,21.5,-50,43,20,2.60
4623,alf,Crv,12,08,24.7,-24,43,44,4.02
4630,eps,Crv,12,10,07.4,-22,37,11,2.98
4638,ro,Cen,12,11,39.1,-52,22,06,3.96
4656,del,Cru,12,15,08.6,-58,44,56,2.79
4660,del,UMa,12,15,25.5,+57,01,57,3.31
4662,gam,Crv,12,15,48.3,-17,32,31,2.58
4667,,Com,12,16,20.5,+23,56,43,4.95
4668,,,12,16,30.1,+33,03,41,4.98
4671,eps,Mus,12,17,34.2,-67,57,38,4.02
4674,bet,Cha,12,18,20.7,-79,18,43,4.26
4679,zet,Cru,12,18,26.1,-64,00,11,4.05
4682,,,12,18,59.7,-55,08,35,5.00
4689,eta,Vir,12,19,54.3,-00,40,00,3.90
4695,,Vir,12,20,20.9,+03,18,45,4.96
4697,,Com,12,20,42.9,+17,47,34,4.74
4700,eps,Cru,12,21,21.5,-60,24,04,3.59
4707,,Com,12,22,30.2,+25,50,46,4.81
4716,,CVn,12,24,01.4,+51,33,44,4.80
4729,,,12,26,30.9,-63,07,21,4.86
4730,alf1,Cru,12,26,35.9,-63,05,56,1.58
4731,alf2,Cru,12,26,36.5,-63,05,58,2.09
4732,,,12,26,31.5,-51,27,02,4.83
4733,,Com,12,26,24.0,+27,16,05,4.95
4737,gam,Com,12,26,56.2,+28,16,06,4.36
4738,,Com,12,26,59.3,+26,49,32,4.99
4743,sig,Cen,12,28,02.3,-50,13,51,3.91
4757,del,Crv,12,29,51.8,-16,30,56,2.94
4763,gam,Cru,12,31,09.9,-57,06,47,1.63
4765,,Dra,12,30,06.6,+69,12,04,4.95
4773,gam,Mus,12,32,28.0,-72,07,58,3.88
4775,eta,Crv,12,32,04.1,-16,11,46,4.32
4785,bet,CVn,12,33,44.5,+41,21,27,4.27
4786,bet,Crv,12,34,23.2,-23,23,48,2.64
4787,kap,Dra,12,33,28.9,+69,47,17,3.89
4789,,Com,12,34,51.0,+22,37,45,4.81
4795,,Dra,12,34,43.9,+70,01,18,4.94
4798,alf,Mus,12,37,11.0,-69,08,08,2.70
4802,tau,Cen,12,37,42.1,-48,32,28,3.86
4813,chi,Vir,12,39,14.7,-07,59,44,4.67
4817,,,12,39,52.4,-39,59,15,4.64
4819,gam,Cen,12,41,30.9,-48,57,34,2.17
4823,,,12,41,56.6,-59,41,08,4.94
4825,gam,Vir,12,41,39.5,-01,26,58,3.65
4826,gam,Vir,12,41,39.5,-01,26,58,3.68
4828,ro,Vir,12,41,53.0,+10,14,08,4.88
4831,,,12,42,35.3,-48,48,47,4.66
4842,iot,Cru,12,45,37.8,-60,58,52,4.69
4844,bet,Mus,12,46,16.9,-68,06,29,3.06
4846,,,12,45,07.8,+45,26,25,4.87
4848,,,12,46,22.6,-56,29,20,4.66
4853,bet,Cru,12,47,43.3,-59,41,19,1.25
4874,,,12,50,41.1,-33,59,57,4.91
4883,,Com,12,51,41.8,+27,32,26,4.94
4888,,,12,53,06.8,-48,56,35,4.33
4889,,,12,53,26.1,-40,10,44,4.27
4894,,Com,12,53,19.3,+21,14,25,4.90
4897,lam,Cru,12,54,39.1,-59,08,47,4.63
4898,mu1,Cru,12,54,35.6,-57,10,40,4.04
4902,psi,Vir,12,54,21.1,-09,32,20,4.80
4905,eps,UMa,12,54,01.7,+55,57,35,1.77
4910,del,Vir,12,55,36.1,+03,23,51,3.38
4915,alf2,CVn,12,56,01.6,+38,19,06,2.88
4920,,Com,12,58,55.4,+17,24,33,4.79
4923,del,Mus,13,02,16.3,-71,32,56,3.62
4924,,Com,13,00,16.4,+30,47,06,4.90
4931,,UMa,13,00,43.7,+56,21,59,4.93
4932,eps,Vir,13,02,10.5,+10,57,33,2.79
4933,xi1,Cen,13,03,33.1,-49,31,38,4.85
4940,,,13,06,16.6,-48,27,48,4.71
4942,xi2,Cen,13,06,54.5,-49,54,22,4.27
4954,,Com,13,07,10.6,+27,37,29,4.82
4958,psi,Hya,13,09,03.2,-23,07,05,4.95
4963,tet,Vir,13,09,56.9,-05,32,20,4.38
4975,,,13,12,17.4,-59,55,15,4.60
4979,,,13,12,03.1,-37,48,11,4.85
4983,bet,Com,13,11,52.3,+27,52,41,4.26
4989,,,13,14,14.7,-59,06,12,4.92
4993,eta,Mus,13,15,14.9,-67,53,41,4.80
4997,,,13,13,42.9,+40,09,10,4.92
5002,,,13,17,13.0,-66,47,01,4.87
5015,sig,Vir,13,17,36.2,+05,28,12,4.80
5017,,CVn,13,17,32.5,+40,34,21,4.73
5019,,Vir,13,18,24.2,-18,18,41,4.74
5020,gam,Hya,13,18,55.2,-23,10,18,3.00
5028,iot,Cen,13,20,35.7,-36,42,44,2.73
5035,,,13,22,37.9,-60,59,18,4.54
5041,,,13,24,00.5,-64,32,09,4.53
5054,zet,UMa,13,23,55.5,+54,55,31,2.27
5055,zet,UMa,13,23,56.3,+54,55,18,3.95
5056,alf,Vir,13,25,11.5,-11,09,41,0.97
5062,,UMa,13,25,13.4,+54,59,17,4.02
5068,,Vir,13,27,27.1,-15,58,25,4.75
5072,,Vir,13,28,25.7,+13,46,43,4.98
5080,,,13,29,42.7,-23,16,52,4.97
5089,,,13,31,02.6,-39,24,26,3.88
5095,,Vir,13,31,57.8,-06,15,21,4.69
5105,,Vir,13,34,07.8,+03,39,32,4.94
5107,zet,Vir,13,34,41.5,-00,35,46,3.38
5110,,,13,34,47.7,+37,10,57,4.98
5112,,CVn,13,34,27.2,+49,00,57,4.70
5127,,CVn,13,37,27.5,+36,17,41,4.83
5132,eps,Cen,13,39,53.2,-53,27,59,2.30
5154,,UMa,13,40,44.1,+54,40,54,4.66
5168,,Cen,13,45,41.2,-33,02,37,4.23
5172,,,13,46,39.3,-51,25,58,4.65
5185,tau,Boo,13,47,15.7,+17,27,24,4.50
5190,nu,Cen,13,49,30.2,-41,41,16,3.41
5191,eta,UMa,13,47,32.3,+49,18,48,1.86
5192,,Cen,13,49,26.6,-34,27,02,4.19
5193,mu,Cen,13,49,36.9,-42,28,26,3.04
5196,,Vir,13,49,52.2,-18,08,03,4.97
5200,ups,Boo,13,49,28.5,+15,47,52,4.07
5201,,Boo,13,49,42.7,+21,15,51,4.91
5210,,Cen,13,51,49.5,-32,59,40,4.56
5219,,,13,51,47.4,+34,26,39,4.75
5221,,Cen,13,53,12.4,-31,55,39,4.74
5226,,Dra,13,51,25.8,+64,43,23,4.66
5231,zet,Cen,13,55,32.3,-47,17,18,2.55
5235,eta,Boo,13,54,41.0,+18,23,52,2.68
5241,,,13,57,38.9,-63,41,12,4.71
5248,phi,Cen,13,58,16.2,-42,06,03,3.83
5249,ups1,Cen,13,58,40.7,-44,48,13,3.87
5260,ups2,Cen,14,01,43.3,-45,36,12,4.33
5264,tau,Vir,14,01,38.7,+01,32,40,4.26
5267,bet,Cen,14,03,49.4,-60,22,22,0.61
5285,chi,Cen,14,06,02.7,-41,10,46,4.36
5287,pi,Hya,14,06,22.2,-26,40,56,3.28
5288,tet,Cen,14,06,40.8,-36,22,12,2.05
5291,alf,Dra,14,04,23.2,+64,22,33,3.65
5297,,,14,09,54.7,-53,26,20,4.75
5301,,,14,10,50.4,-16,18,07,4.91
5303,eta,Aps,14,18,13.6,-81,00,27,4.91
5304,,Boo,14,10,23.9,+25,05,30,4.83
5315,kap,Vir,14,12,53.7,-10,16,25,4.21
5321,,UMi,14,08,50.8,+77,32,51,4.82
5329,kap2,Boo,14,13,28.9,+51,47,24,4.54
5338,iot,Vir,14,16,00.8,-06,00,02,4.09
5339,del,Oct,14,26,54.8,-83,40,04,4.32
5340,alf,Boo,14,15,39.6,+19,10,57,-0.05
5350,iot,Boo,14,16,09.8,+51,22,02,4.75
5351,lam,Boo,14,16,22.9,+46,05,18,4.18
5354,iot,Lup,14,19,24.1,-46,03,28,3.55
5358,,,14,20,19.4,-56,23,12,4.35
5359,lam,Vir,14,19,06.5,-13,22,16,4.52
5361,,,14,17,59.7,+35,30,34,4.81
5364,,,14,20,42.4,-45,11,14,4.77
5367,psi,Cen,14,20,33.3,-37,53,07,4.05
5370,,Boo,14,19,45.1,+16,18,25,4.86
5371,,,14,22,36.9,-58,27,34,4.92
5378,,,14,23,02.1,-39,30,44,4.42
5381,,Hya,14,23,05.7,-27,45,14,4.75
5395,tau1,Lup,14,26,08.1,-45,13,17,4.56
5396,tau2,Lup,14,26,10.7,-45,22,46,4.35
5404,tet,Boo,14,25,11.7,+51,51,03,4.06
5407,,Hya,14,28,10.3,-29,29,30,4.97
5409,phi,Vir,14,28,12.1,-02,13,41,4.82
5425,sig,Lup,14,32,36.8,-50,27,25,4.42
5429,ro,Boo,14,31,49.7,+30,22,17,3.59
5430,,UMi,14,27,31.4,+75,41,45,4.25
5435,gam,Boo,14,32,04.6,+38,18,29,3.02
5440,eta,Cen,14,35,30.3,-42,09,28,2.31
5447,sig,Boo,14,34,40.7,+29,44,42,4.47
5453,ro,Lup,14,37,53.1,-49,25,32,4.05
5459,alf1,Cen,14,39,36.2,-60,50,07,-0.01
5460,alf2,Cen,14,39,36.2,-60,50,07,1.33
5463,alf,Cir,14,42,30.3,-64,58,31,3.19
5469,alf,Lup,14,41,55.7,-47,23,17,2.30
5470,alf,Aps,14,47,51.6,-79,02,41,3.83
5471,,,14,41,57.5,-37,47,37,4.00
5475,pi1,Boo,14,40,43.5,+16,25,06,4.94
5477,zet,Boo,14,41,08.8,+13,43,42,4.83
5478,zet,Boo,14,41,08.8,+13,43,42,4.43
5480,,Boo,14,41,38.7,+08,09,42,4.86
5485,,,14,43,39.3,-35,10,26,4.05
5487,mu,Vir,14,43,03.5,-05,39,30,3.88
5489,,,14,44,59.1,-35,11,31,4.92
5490,,Boo,14,43,25.3,+26,31,40,4.79
5497,,Hya,14,46,00.0,-25,26,35,4.94
5502,omi,Boo,14,45,14.4,+16,57,52,4.60
5506,eps,Boo,14,44,59.1,+27,04,27,2.70
5511,,Vir,14,46,14.9,+01,53,34,3.73
5526,,Hya,14,50,17.2,-27,57,37,4.41
5528,omi,Lup,14,51,38.3,-43,34,31,4.33
5531,alf2,Lib,14,50,52.6,-16,02,31,2.75
5535,,Lib,14,51,00.9,-02,17,57,4.94
5544,xi,Boo,14,51,23.2,+19,06,04,4.54
5563,bet,UMi,14,50,42.2,+74,09,20,2.08
5570,,Lib,14,57,10.9,-04,20,47,4.49
5571,bet,Lup,14,58,31.8,-43,08,02,2.68
5576,kap,Cen,14,59,09.6,-42,06,15,3.13
5586,del,Lib,15,00,58.3,-08,31,08,4.93
5589,,,14,57,34.9,+65,55,56,4.54
5600,omg,Boo,15,02,06.4,+25,00,29,4.82
5601,,Vir,15,02,54.0,+02,05,28,4.40
5602,bet,Boo,15,01,56.6,+40,23,26,3.52
5603,sig,Lib,15,04,04.1,-25,16,55,3.21
5605,pi,Lup,15,05,07.1,-47,03,04,4.72
5606,pi,Lup,15,05,07.1,-47,03,04,4.82
5616,psi,Boo,15,04,26.7,+26,56,51,4.55
5618,,Boo,15,03,47.3,+47,39,16,4.76
5626,lam,Lup,15,08,50.5,-45,16,47,4.05
5634,,Boo,15,07,18.0,+24,52,09,4.93
5646,kap1,Lup,15,11,56.0,-48,44,16,3.87
5649,zet,Lup,15,12,17.0,-52,05,57,3.41
5651,,,15,12,49.4,-44,30,02,4.82
5652,iot1,Lib,15,12,13.2,-19,47,30,4.54
5660,,Lup,15,14,37.2,-31,31,09,4.91
5666,eps,Cir,15,17,38.8,-63,36,38,4.86
5670,bet,Cir,15,17,30.8,-58,48,04,4.07
5671,gam,TrA,15,18,54.6,-68,40,46,2.89
5681,del,Boo,15,15,30.1,+33,18,53,3.49
5683,mu,Lup,15,18,31.9,-47,52,30,4.27
5685,bet,Lib,15,17,00.3,-09,22,59,2.62
5686,,Lup,15,17,49.7,-30,08,55,4.33
5695,del,Lup,15,21,22.2,-40,38,52,3.22
5698,nu1,Lup,15,22,08.2,-47,55,40,5.00
5704,gam,Cir,15,23,22.6,-59,19,15,4.51
5705,phi1,Lup,15,21,48.3,-36,15,41,3.56
5708,eps,Lup,15,22,40.8,-44,41,22,3.37
5712,phi2,Lup,15,23,09.2,-36,51,30,4.54
5723,eps,Lib,15,24,11.8,-10,19,20,4.94
5724,,,15,25,20.1,-38,44,01,4.60
5733,mu1,Boo,15,24,29.3,+37,22,38,4.32
5735,gam,UMi,15,20,43.6,+71,50,02,3.05
5744,iot,Dra,15,24,55.6,+58,57,57,3.29
5747,bet,CrB,15,27,49.7,+29,06,20,3.68
5771,eps,TrA,15,36,43.1,-66,19,02,4.11
5776,gam,Lup,15,35,08.3,-41,10,00,2.78
5777,,Lib,15,34,10.6,-10,03,53,4.62
5778,tet,CrB,15,32,55.7,+31,21,32,4.13
5781,,,15,35,53.1,-44,57,31,4.54
5787,gam,Lib,15,35,31.5,-14,47,22,3.91
5788,del,Ser,15,34,48.0,+10,32,15,3.80
5789,del,Ser,15,34,48.1,+10,32,21,3.80
5793,alf,CrB,15,34,41.2,+26,42,53,2.24
5794,ups,Lib,15,37,01.4,-28,08,06,3.57
5797,omg,Lup,15,38,03.1,-42,34,02,4.33
5812,tau,Lib,15,38,39.3,-29,46,40,3.65
5820,psi1,Lup,15,39,45.9,-34,24,42,4.67
5824,,Lib,15,40,16.8,-23,49,05,4.96
5825,,,15,41,11.2,-44,39,40,4.64
5826,tet,UMi,15,31,24.7,+77,20,57,4.96
5838,kap,Lib,15,41,56.7,-19,40,44,4.72
5839,psi2,Lup,15,42,40.9,-34,42,38,4.75
5842,iot,Ser,15,41,33.0,+19,40,13,4.53
5849,gam,CrB,15,42,44.5,+26,17,44,3.85
5854,alf,Ser,15,44,16.0,+06,25,32,2.65
5867,bet,Ser,15,46,11.2,+15,25,18,3.67
5868,lam,Ser,15,46,26.5,+07,21,11,4.43
5879,kap,Ser,15,48,44.3,+18,08,29,4.09
5881,mu,Ser,15,49,37.1,-03,25,49,3.53
5883,chi,Lup,15,50,57.4,-33,37,38,3.95
5885,,Sco,15,50,58.6,-25,45,05,4.68
5889,del,CrB,15,49,35.6,+26,04,06,4.63
5892,eps,Ser,15,50,48.9,+04,28,40,3.70
5897,bet,TrA,15,55,08.4,-63,25,50,2.85
5899,ro,Ser,15,51,15.8,+20,58,40,4.78
5901,kap,CrB,15,51,13.8,+35,39,26,4.82
5903,zet,UMi,15,44,03.3,+77,47,40,4.32
5904,,Sco,15,53,36.6,-25,19,38,4.59
5908,tet,Lib,15,53,49.4,-16,43,46,4.16
5914,chi,Her,15,52,40.4,+42,27,06,4.62
5928,ro,Sco,15,56,53.0,-29,12,50,3.86
5933,gam,Ser,15,56,27.1,+15,39,42,3.86
5941,,Lib,15,58,11.3,-14,16,46,4.87
5943,,,15,59,30.2,-41,44,39,4.99
5944,pi,Sco,15,58,51.0,-26,06,51,2.91
5947,eps,CrB,15,57,35.2,+26,52,40,4.16
5948,eta,Lup,16,00,07.2,-38,23,49,3.41
5953,del,Sco,16,00,19.9,-22,37,18,2.32
5958,,,15,59,30.1,+25,55,13,2.00
5960,,,15,57,47.3,+54,44,59,4.95
5961,iot1,Nor,16,03,31.9,-57,46,31,4.63
5962,eta,Nor,16,03,12.7,-49,13,47,4.65
5967,,,16,03,24.0,-38,36,09,4.89
5969,,,16,03,20.5,-25,51,55,5.00
5971,iot,CrB,16,01,26.6,+29,51,04,4.98
5972,pi,Ser,16,02,17.7,+22,48,16,4.83
5978,xi,Sco,16,04,22.0,-11,22,23,4.77
5980,del,Nor,16,06,29.3,-45,10,23,4.73
5982,ups,Her,16,02,47.8,+46,02,12,4.76
5984,bet1,Sco,16,05,26.1,-19,48,19,2.58
5985,bet2,Sco,16,05,26.4,-19,48,07,4.92
5986,tet,Dra,16,01,53.2,+58,33,55,4.03
5987,tet,Lup,16,06,35.4,-36,48,08,4.23
5993,omg1,Sco,16,06,48.3,-20,40,09,3.97
5997,omg2,Sco,16,07,24.2,-20,52,07,4.33
6008,kap,Her,16,08,04.4,+17,02,49,5.00
6018,tau,CrB,16,08,58.2,+36,29,27,4.76
6020,del1,Aps,16,20,20.7,-78,41,45,4.68
6023,phi,Her,16,08,46.1,+44,56,06,4.27
6024,kap,Nor,16,13,28.6,-54,37,50,4.94
6027,nu,Sco,16,11,59.6,-19,27,38,4.01
6028,,Sco,16,12,18.1,-27,55,35,4.59
6030,del,TrA,16,15,26.2,-63,41,08,3.85
6031,psi,Sco,16,11,59.9,-10,03,51,4.93
6056,del,Oph,16,14,20.6,-03,41,40,2.75
6058,gam1,Nor,16,17,00.8,-50,04,05,4.98
6070,,,16,18,17.8,-28,36,51,4.77
6072,gam2,Nor,16,19,50.3,-50,09,20,4.02
6075,eps,Oph,16,18,19.2,-04,41,33,3.23
6081,omi,Sco,16,20,38.1,-24,10,10,4.57
6084,sig,Sco,16,21,11.2,-25,35,34,2.88
6092,tau,Her,16,19,44.3,+46,18,48,3.91
6093,sig,Ser,16,22,04.3,+01,01,45,4.82
6095,gam,Her,16,21,55.1,+19,09,11,3.76
6098,zet,TrA,16,28,28.1,-70,05,04,4.91
6102,gam,Aps,16,33,27.1,-78,53,49,3.89
6103,xi,CrB,16,22,05.7,+30,53,32,4.85
6104,psi,Oph,16,24,06.1,-20,02,15,4.50
6115,eps,Nor,16,27,11.0,-47,33,18,4.47
6116,eta,UMi,16,17,30.2,+75,45,19,4.95
6117,omg,Her,16,25,24.9,+14,02,00,4.58
6118,chi,Oph,16,27,01.3,-18,27,23,4.43
6129,ups,Oph,16,27,48.1,-08,22,18,4.63
6132,eta,Dra,16,23,59.3,+61,30,51,2.74
6134,alf,Sco,16,29,24.4,-26,25,55,0.91
6141,,Sco,16,30,12.4,-25,06,54,4.79
6143,,,16,31,22.8,-34,42,16,4.23
6147,phi,Oph,16,31,08.2,-16,36,46,4.27
6148,bet,Her,16,30,13.1,+21,29,22,2.77
6149,lam,Oph,16,30,54.7,+01,59,02,3.83
6153,omg,Oph,16,32,08.0,-21,27,59,4.45
6155,mu,Nor,16,34,04.8,-44,02,43,4.91
6159,,Her,16,32,36.2,+11,29,17,4.85
6161,,Dra,16,27,58.8,+68,46,05,5.01
6163,bet,Aps,16,43,04.4,-77,31,03,4.24
6165,tau,Sco,16,35,52.9,-28,12,58,2.81
6166,,,16,36,22.4,-35,15,20,4.16
6168,sig,Her,16,34,06.1,+42,26,13,4.20
6175,zet,Oph,16,37,09.4,-10,34,02,2.56
6196,,,16,41,34.3,-17,44,32,4.96
6200,,Her,16,38,44.7,+48,55,42,4.90
6212,zet,Her,16,41,17.1,+31,36,10,2.81
6217,alf,TrA,16,48,39.9,-69,01,40,1.92
6220,eta,Her,16,42,53.7,+38,55,20,3.50
6223,,Dra,16,40,55.0,+64,35,20,4.83
6229,eta,Ara,16,49,47.0,-59,02,29,3.76
6237,,,16,45,17.7,+56,46,55,4.84
6241,eps,Sco,16,50,09.7,-34,17,36,2.29
6243,,Oph,16,49,49.9,-10,46,59,4.66
6247,mu1,Sco,16,51,52.1,-38,02,51,3.04
6252,mu2,Sco,16,52,20.0,-38,01,03,3.57
6254,,Her,16,49,14.1,+45,59,00,4.82
6262,zet1,Sco,16,53,59.6,-42,21,43,4.73
6271,zet2,Sco,16,54,34.9,-42,21,41,3.59
6281,iot,Oph,16,54,00.4,+10,09,55,4.38
6285,zet,Ara,16,58,37.1,-55,59,24,3.13
6295,eps1,Ara,16,59,35.0,-53,09,38,4.06
6299,kap,Oph,16,57,40.0,+09,22,30,3.20
6315,,Dra,16,56,01.6,+65,08,05,4.90
6318,,Oph,17,01,03.5,-04,13,21,4.82
6322,eps,UMi,16,45,57.8,+82,02,14,4.23
6324,eps,Her,17,00,17.3,+30,55,35,3.92
6334,,,17,04,49.3,-34,07,23,4.87
6337,,,17,03,07.8,+14,05,31,4.98
6355,,Her,17,05,22.6,+12,44,27,4.91
6378,eta,Oph,17,10,22.6,-15,43,29,2.42
6380,eta,Sco,17,12,09.1,-43,14,21,3.34
6396,zet,Dra,17,08,47.1,+65,42,53,3.17
6406,alf1,Her,17,14,38.8,+14,23,25,3.48
6410,del,Her,17,15,01.8,+24,50,21,3.13
6415,,Oph,17,16,36.6,-00,26,43,4.72
6417,zet,Aps,17,21,59.5,-67,46,13,4.78
6418,pi,Her,17,15,02.7,+36,48,33,3.18
6431,,Her,17,17,19.4,+33,06,00,4.78
6436,,Her,17,17,40.2,+37,17,29,4.66
6445,xi,Oph,17,21,00.1,-21,06,46,4.38
6446,nu,Ser,17,20,49.5,-12,50,48,4.31
6452,,,17,20,18.8,+18,03,25,5.00
6453,tet,Oph,17,22,00.5,-24,59,58,3.26
6461,bet,Ara,17,25,17.9,-55,31,47,2.85
6462,gam,Ara,17,25,23.5,-56,22,39,3.34
6485,ro,Her,17,23,40.9,+37,08,45,4.52
6486,,Oph,17,26,22.1,-24,10,31,4.16
6492,,Oph,17,27,21.2,-29,52,01,4.27
6493,,,17,26,37.8,-05,05,12,4.54
6498,sig,Oph,17,26,30.8,+04,08,25,4.31
6500,del,Ara,17,31,05.9,-60,41,01,3.62
6508,ups,Sco,17,30,45.7,-37,17,45,2.68
6510,alf,Ara,17,31,50.4,-49,52,34,2.95
6519,,Oph,17,31,24.8,-23,57,46,4.81
6526,lam,Her,17,30,44.2,+26,06,38,4.41
6527,lam,Sco,17,33,36.4,-37,06,13,1.63
6536,bet,Dra,17,30,25.8,+52,18,05,2.81
6537,sig,Ara,17,35,39.4,-46,30,20,4.59
6546,,,17,36,32.7,-38,38,07,4.29
6553,tet,Sco,17,37,19.0,-42,59,52,1.87
6554,nu1,Dra,17,32,10.4,+55,11,03,4.90
6555,nu2,Dra,17,32,15.9,+55,10,22,4.87
6556,alf,Oph,17,34,56.0,+12,33,36,2.07
6561,xi,Ser,17,37,35.1,-15,23,55,3.52
6567,mu,Oph,17,37,50.6,-08,07,08,4.63
6569,lam,Ara,17,40,23.4,-49,24,56,4.77
6580,kap,Sco,17,42,29.1,-39,01,48,2.41
6581,omi,Ser,17,41,24.8,-12,52,31,4.24
6582,eta,Pav,17,45,43.9,-64,43,26,3.62
6588,iot,Her,17,39,27.8,+46,00,23,3.80
6595,,Oph,17,43,25.7,-21,41,00,4.87
6596,omg,Dra,17,36,56.9,+68,45,29,4.80
6603,bet,Oph,17,43,28.3,+04,34,02,2.78
6615,iot1,Sco,17,47,35.0,-40,07,37,3.03
6616,,Sgr,17,47,33.5,-27,49,51,4.54
6623,mu,Her,17,46,27.5,+27,43,15,3.42
6628,,,17,49,10.4,-31,42,12,4.83
6629,gam,Oph,17,47,53.5,+02,42,26,3.75
6630,,,17,49,51.4,-37,02,36,3.21
6631,iot2,Sco,17,50,11.0,-40,05,26,4.81
6636,psi1,Dra,17,41,56.2,+72,08,56,4.58
6675,,,17,56,47.3,-44,20,32,4.86
6682,,,17,57,47.6,-41,42,58,4.88
6688,xi,Dra,17,53,31.6,+56,52,21,3.75
6695,tet,Her,17,56,15.1,+37,15,02,3.88
6698,nu,Oph,17,59,01.5,-09,46,25,3.34
6700,,Sgr,17,59,47.5,-23,48,58,4.75
6703,xi,Her,17,57,45.8,+29,14,52,3.70
6705,gam,Dra,17,56,36.3,+51,29,20,2.22
6707,nu,Her,17,58,30.1,+30,11,22,4.41
6710,zet,Ser,18,00,28.8,-03,41,25,4.62
6712,,Oph,18,00,15.7,+04,22,07,4.60
6713,,Her,18,00,03.3,+16,45,03,4.67
6714,,Oph,18,00,38.6,+02,55,53,3.93
6723,,Oph,18,01,45.1,+01,18,19,4.42
6730,,Her,18,01,30.3,+21,35,44,4.96
6742,gam1,Sgr,18,05,01.2,-29,34,48,4.69
6743,tet,Ara,18,06,37.7,-50,05,30,3.66
6745,pi,Pav,18,08,34.7,-63,40,06,4.35
6746,gam2,Sgr,18,05,48.4,-30,25,27,2.99
6752,,Oph,18,05,27.2,+02,29,58,4.03
6766,,,18,08,04.9,-28,27,25,4.56
6770,,Oph,18,07,18.3,+08,44,02,4.63
6771,,Oph,18,07,20.9,+09,33,50,3.73
6779,omi,Her,18,07,32.5,+28,45,45,3.83
6783,eps,Tel,18,11,13.7,-45,57,15,4.53
6787,,Her,18,08,45.4,+20,48,52,4.35
6789,del,UMi,17,32,12.5,+86,35,11,4.36
6791,,,18,07,28.7,+43,27,42,5.00
6801,,Sgr,18,11,43.3,-23,42,04,4.98
6812,mu,Sgr,18,13,45.7,-21,03,32,3.85
6815,,Her,18,11,54.1,+31,24,19,4.97
6832,eta,Sgr,18,17,37.5,-36,45,42,3.11
6842,,,18,18,03.1,-27,02,33,4.63
6855,xi,Pav,18,23,13.5,-61,29,38,4.36
6859,del,Sgr,18,20,59.6,-29,49,41,2.70
6866,,Oph,18,20,52.0,+03,22,38,4.84
6868,,Her,18,20,17.8,+21,57,41,4.96
6869,eta,Ser,18,21,18.5,-02,53,56,3.25
6872,kap,Lyr,18,19,51.6,+36,03,52,4.34
6879,eps,Sgr,18,24,10.3,-34,23,05,1.85
6884,zet,Sct,18,23,39.4,-08,56,04,4.68
6895,,Her,18,23,41.8,+21,46,11,3.84
6896,,Sgr,18,25,20.9,-20,32,30,4.82
6897,alf,Tel,18,26,58.3,-45,58,06,3.51
6905,zet,Tel,18,28,49.8,-49,04,15,4.13
6913,lam,Sgr,18,27,58.1,-25,25,18,2.81
6916,nu,Pav,18,31,22.3,-62,16,42,4.64
6920,phi,Dra,18,20,45.3,+71,20,16,4.22
6923,,Dra,18,23,54.4,+58,48,02,4.99
6927,chi,Dra,18,21,03.2,+72,43,58,3.58
6930,gam,Sct,18,29,11.7,-14,33,57,4.71
6934,del1,Tel,18,31,45.3,-45,54,54,4.96
6945,,Dra,18,25,58.9,+65,33,49,4.82
6951,tet,CrA,18,33,30.1,-42,18,45,4.64
6973,alf,Sct,18,35,12.3,-08,14,39,3.83
6978,,Dra,18,32,34.3,+57,02,44,4.77
6982,zet,Pav,18,43,02.1,-71,25,42,4.01
7001,alf,Lyr,18,36,56.2,+38,47,01,0.03
7012,,,18,45,26.6,-64,52,17,4.79
7020,del,Sct,18,42,16.3,-09,03,09,4.72
7029,,,18,44,19.3,-35,38,32,4.87
7032,eps,Sct,18,43,31.2,-08,16,31,4.89
7039,phi,Sgr,18,45,39.3,-26,59,27,3.16
7056,zet1,Lyr,18,44,46.3,+37,36,18,4.36
7061,,Her,18,45,39.6,+20,32,47,4.19
7063,bet,Sct,18,47,10.4,-04,44,53,4.22
7064,,,18,46,04.4,+26,39,43,4.84
7069,,Her,18,47,01.2,+18,10,53,4.36
7074,lam,Pav,18,52,12.9,-62,11,16,4.22
7106,bet,Lyr,18,50,04.7,+33,21,46,3.42
7107,kap,Pav,18,56,57.0,-67,14,01,4.44
7116,nu1,Sgr,18,54,10.1,-22,44,42,4.83
7120,nu2,Sgr,18,55,07.0,-22,40,17,4.98
7121,sig,Sgr,18,55,15.8,-26,17,48,2.03
7125,omi,Dra,18,51,11.9,+59,23,18,4.67
7133,,Her,18,54,44.8,+22,38,43,4.60
7134,lam,Tel,18,58,27.6,-52,56,18,4.87
7137,,,18,53,13.5,+50,42,29,4.93
7139,del2,Lyr,18,54,30.1,+36,53,56,4.30
7141,tet1,Ser,18,56,13.1,+04,12,13,4.62
7142,tet2,Ser,18,56,14.5,+04,12,07,4.98
7149,eta,Sct,18,57,03.6,-05,50,46,4.83
7150,xi2,Sgr,18,57,43.7,-21,06,24,3.51
7152,eps,CrA,18,58,43.3,-37,06,26,4.87
7157,,Lyr,18,55,20.0,+43,56,46,4.00
7176,eps,Aql,18,59,37.3,+15,04,06,4.02
7178,gam,Lyr,18,58,56.5,+32,41,22,3.24
7180,ups,Dra,18,54,23.7,+71,17,50,4.82
7188,zet,CrA,19,03,06.7,-42,05,43,4.75
7192,lam,Lyr,19,00,00.8,+32,08,44,4.98
7193,,Aql,19,01,40.7,-05,44,20,4.02
7194,zet,Sgr,19,02,36.6,-29,52,49,2.59
7217,omi,Sgr,19,04,40.9,-21,44,30,3.77
7234,tau,Sgr,19,06,56.3,-27,40,14,3.31
7235,zet,Aql,19,05,24.5,+13,51,48,2.99
7236,lam,Aql,19,06,14.8,-04,52,57,3.43
7242,del,CrA,19,08,20.8,-40,29,48,4.59
7254,alf,CrA,19,09,28.2,-37,54,16,4.11
7259,bet,CrA,19,10,01.6,-39,20,27,4.11
7264,pi,Sgr,19,09,45.7,-21,01,25,2.88
7292,psi,Sgr,19,15,32.3,-25,15,24,4.83
7298,eta,Lyr,19,13,45.4,+39,08,46,4.38
7304,,Sgr,19,17,38.0,-18,57,11,4.93
7306,,Vul,19,16,12.9,+21,23,26,4.77
7309,,Dra,19,13,55.1,+57,42,18,4.99
7310,del,Dra,19,12,33.1,+67,39,42,3.07
7314,tet,Lyr,19,16,22.0,+38,08,01,4.38
7328,kap,Cyg,19,17,06.0,+53,22,07,3.76
7337,bet1,Sgr,19,22,38.2,-44,27,32,4.01
7340,ro1,Sgr,19,21,40.3,-17,50,50,3.93
7342,ups,Sgr,19,21,43.5,-15,57,18,4.61
7343,bet2,Sgr,19,23,13.1,-44,47,59,4.29
7348,alf,Sgr,19,23,53.0,-40,36,58,3.97
7352,tau,Dra,19,15,32.8,+73,21,20,4.45
7371,pi,Dra,19,20,40.0,+65,42,52,4.59
7372,,Cyg,19,24,07.5,+29,37,17,4.97
7377,del,Aql,19,25,29.8,+03,06,53,3.36
7387,nu,Aql,19,26,31.0,+00,20,19,4.72
7405,alf,Vul,19,28,42.2,+24,39,54,4.45
7417,bet1,Cyg,19,30,43.2,+27,57,35,3.14
7420,iot2,Cyg,19,29,42.2,+51,43,47,3.78
7424,iot,Tel,19,35,12.8,-48,05,57,4.90
7426,,Cyg,19,31,46.2,+34,27,11,4.74
7429,mu,Aql,19,34,05.3,+07,22,44,4.45
7437,,Vul,19,34,34.8,+19,46,24,4.99
7440,,Sgr,19,36,42.3,-24,53,01,4.60
7446,kap,Aql,19,36,53.4,-07,01,39,4.96
7447,iot,Aql,19,36,43.2,-01,17,11,4.36
7462,sig,Dra,19,32,21.5,+69,39,40,4.69
7469,tet,Cyg,19,36,26.4,+50,13,16,4.47
7478,phi,Cyg,19,39,22.5,+30,09,12,4.70
7479,alf,Sge,19,40,05.7,+18,00,50,4.38
7488,bet,Sge,19,41,02.9,+17,28,33,4.38
7515,,Sgr,19,46,21.6,-19,45,40,4.86
7517,,Cyg,19,44,16.5,+37,21,16,4.89
7525,gam,Aql,19,46,15.5,+10,36,48,2.72
7528,del,Cyg,19,44,58.4,+45,07,51,2.87
7534,,Cyg,19,46,25.5,+33,43,40,4.99
7536,del,Sge,19,47,23.2,+18,32,03,3.81
7546,zet,Sge,19,48,58.6,+19,08,31,5.00
7557,alf,Aql,19,50,46.9,+08,52,06,0.76
7564,chi,Cyg,19,50,33.8,+32,54,51,4.24
7565,,Vul,19,51,04.0,+22,36,36,4.96
7570,eta,Aql,19,52,28.3,+01,00,20,3.90
7581,iot,Sgr,19,55,15.5,-41,52,06,4.13
7582,eps,Dra,19,48,10.3,+70,16,04,3.84
7590,eps,Pav,20,00,35.4,-72,54,38,3.96
7592,,Vul,19,53,27.6,+24,04,47,4.58
7595,xi,Aql,19,54,14.8,+08,27,41,4.68
7597,omg,Sgr,19,55,50.3,-26,17,58,4.70
7602,bet,Aql,19,55,18.7,+06,24,24,3.72
7604,,Sgr,19,56,56.7,-27,10,12,4.50
7613,,Cyg,19,55,51.6,+38,29,12,4.95
7615,eta,Cyg,19,56,18.3,+35,05,00,3.93
7618,,Sgr,19,58,57.1,-26,11,44,4.82
7619,psi,Cyg,19,55,37.7,+52,26,20,4.92
7623,tet1,Sgr,19,59,44.1,-35,16,35,4.37
7633,,,19,55,55.2,+58,50,46,4.96
7635,gam,Sge,19,58,45.3,+19,29,32,3.47
7650,,Sgr,20,02,39.4,-27,42,36,4.54
7652,,,20,03,33.4,-37,56,27,4.77
7653,,Vul,20,01,06.0,+27,45,13,4.65
7659,,,20,04,19.5,-32,03,22,4.99
7665,del,Pav,20,08,43.2,-66,10,56,3.56
7673,xi,Tel,20,07,23.1,-52,52,51,4.97
7685,ro,Dra,20,02,48.9,+67,52,25,4.50
7708,,Cyg,20,09,25.5,+36,50,23,4.93
7710,tet,Aql,20,11,18.2,-00,49,17,3.22
7724,ro,Aql,20,14,16.5,+15,11,51,4.95
7730,,Cyg,20,13,17.9,+46,48,57,4.83
7735,,Cyg,20,13,37.8,+46,44,29,3.80
7736,,Cyg,20,14,31.9,+36,48,23,4.99
7739,,,20,15,15.8,+25,35,31,4.77
7740,,Cyg,20,13,23.8,+56,34,04,4.30
7744,,Vul,20,15,46.0,+27,48,51,4.52
7747,alf1,Cap,20,17,38.8,-12,30,30,4.27
7750,kap,Cep,20,08,53.2,+77,42,41,4.39
7751,,Cyg,20,15,28.2,+47,42,52,3.98
7754,alf2,Cap,20,18,03.2,-12,32,42,3.58
7763,,Cyg,20,17,47.1,+38,01,59,4.82
7773,nu,Cap,20,20,39.7,-12,45,33,4.76
7776,bet,Cap,20,21,00.6,-14,46,53,3.08
7790,alf,Pav,20,25,38.8,-56,44,07,1.94
7796,gam,Cyg,20,22,13.6,+40,15,24,2.23
7806,,Cyg,20,23,51.5,+32,11,25,4.44
7822,ro,Cap,20,28,51.5,-17,48,49,4.81
7831,,Aql,20,29,38.9,-02,53,08,4.91
7834,,Cyg,20,29,23.6,+30,22,07,4.01
7844,omg1,Cyg,20,30,03.4,+48,57,06,4.95
7848,phi1,Pav,20,35,34.7,-60,34,54,4.76
7850,tet,Cep,20,29,34.8,+62,59,39,4.22
7852,eps,Del,20,33,12.7,+11,18,12,4.04
7859,ro,Pav,20,37,35.2,-61,31,48,4.88
7866,,Cyg,20,33,54.1,+35,15,03,4.63
7869,alf,Ind,20,37,34.0,-47,17,29,3.11
7871,zet,Del,20,35,18.4,+14,40,27,4.69
7873,,Aql,20,36,43.5,-02,32,59,4.89
7882,bet,Del,20,37,32.9,+14,35,43,3.63
7884,,Aql,20,38,20.2,-01,06,19,4.33
7891,,Vul,20,38,31.2,+21,12,04,4.82
7906,alf,Del,20,39,38.2,+15,54,43,3.77
7913,bet,Pav,20,44,57.4,-66,12,11,3.42
7920,eta,Ind,20,44,02.2,-51,55,16,4.51
7924,alf,Cyg,20,41,25.8,+45,16,49,1.25
7928,del,Del,20,43,27.5,+15,04,28,4.44
7936,psi,Cap,20,46,05.6,-25,16,16,4.13
7939,,Vul,20,44,52.4,+25,16,15,4.91
7942,,Cyg,20,45,39.6,+30,43,11,4.23
7948,gam2,Del,20,46,39.4,+16,07,27,4.27
7949,eps,Cyg,20,46,12.6,+33,58,13,2.46
7950,eps,Aqr,20,47,40.5,-09,29,45,3.77
7951,,Aqr,20,47,44.1,-05,01,40,4.44
7952,zet,Ind,20,49,28.9,-46,13,37,4.89
7955,,,20,45,21.0,+57,34,47,4.52
7956,,,20,47,10.7,+34,22,27,4.92
7957,eta,Cep,20,45,17.3,+61,50,20,3.43
7963,lam,Cyg,20,47,24.4,+36,29,27,4.54
7965,alf,Mic,20,49,58.0,-33,46,48,4.90
7977,,Cyg,20,48,56.2,+46,06,51,4.86
7980,omg,Cap,20,51,49.2,-26,55,09,4.12
7986,bet,Ind,20,54,48.5,-58,27,15,3.65
7990,mu,Aqr,20,52,39.1,-08,59,00,4.75
7995,,Vul,20,52,07.6,+27,05,49,4.57
8001,,Cyg,20,53,14.7,+44,23,14,4.77
8028,nu,Cyg,20,57,10.3,+41,10,02,3.94
8039,gam,Mic,21,01,17.4,-32,15,28,4.67
8047,,Cyg,20,59,49.5,+47,31,16,4.75
8060,eta,Cap,21,04,24.2,-19,51,18,4.84
8075,tet,Cap,21,05,56.7,-17,13,58,4.07
8079,xi,Cyg,21,04,55.8,+43,55,40,3.73
8080,,Cap,21,07,07.6,-25,00,21,4.49
8089,,Cyg,21,06,36.0,+47,38,54,4.60
8093,nu,Aqr,21,09,35.5,-11,22,18,4.52
8097,gam,Equ,21,10,20.5,+10,07,53,4.68
8115,zet,Cyg,21,12,56.1,+30,13,37,3.21
8123,del,Equ,21,14,28.8,+10,00,25,4.49
8130,tau,Cyg,21,14,47.4,+38,02,44,3.73
8131,alf,Equ,21,15,49.3,+05,14,52,3.90
8135,eps,Mic,21,17,56.2,-32,10,21,4.71
8140,tet,Ind,21,19,51.9,-53,26,59,4.39
8143,sig,Cyg,21,17,24.9,+39,23,41,4.24
8146,ups,Cyg,21,17,55.0,+34,53,49,4.42
8151,tet1,Mic,21,20,45.5,-40,48,35,4.82
8154,,Cyg,21,18,27.0,+43,56,46,5.00
8162,alf,Cep,21,18,34.7,+62,35,08,2.45
8167,iot,Cap,21,22,14.7,-16,50,05,4.27
8173,,Peg,21,22,05.1,+19,48,16,4.09
8181,gam,Pav,21,26,26.7,-65,21,59,4.22
8204,zet,Cap,21,26,39.9,-22,24,41,3.74
8213,,Cap,21,28,43.3,-21,48,26,4.50
8225,,Peg,21,29,56.8,+23,38,20,4.57
8232,bet,Aqr,21,31,33.4,-05,34,16,2.89
8238,bet,Cep,21,28,39.5,+70,33,39,3.23
8252,ro,Cyg,21,33,58.8,+45,35,31,4.02
8254,nu,Oct,21,41,28.6,-77,23,24,3.76
8255,,Cyg,21,34,46.5,+38,32,03,4.91
8260,eps,Cap,21,37,04.7,-19,27,58,4.68
8264,xi,Aqr,21,37,45.0,-07,51,15,4.69
8278,gam,Cap,21,40,05.4,-16,39,45,3.67
8279,,Cep,21,37,55.1,+62,04,55,4.73
8288,kap,Cap,21,42,39.4,-18,51,59,4.73
8301,pi1,Cyg,21,42,05.6,+51,11,23,4.67
8305,iot,PsA,21,44,56.7,-33,01,33,4.34
8308,eps,Peg,21,44,11.1,+09,52,30,2.39
8309,mu1,Cyg,21,44,08.5,+28,44,34,4.73
8313,,Peg,21,44,30.6,+17,21,00,4.35
8315,kap,Peg,21,44,38.6,+25,38,42,4.12
8316,mu,Cep,21,43,30.3,+58,46,48,4.08
8317,,Cep,21,41,55.2,+71,18,42,4.57
8322,del,Cap,21,47,02.3,-16,07,38,2.83
8334,nu,Cep,21,45,26.8,+61,07,15,4.29
8335,pi2,Cyg,21,46,47.5,+49,18,35,4.24
8353,gam,Gru,21,53,55.6,-37,21,54,3.01
8368,del,Ind,21,57,55.0,-54,59,34,4.40
8383,,,21,56,39.1,+63,37,33,4.90
8387,eps,Ind,22,03,21.3,-56,47,10,4.69
8402,omi,Aqr,22,03,18.7,-02,09,19,4.69
8411,lam,Gru,22,06,06.8,-39,32,36,4.46
8413,nu,Peg,22,05,40.7,+05,03,31,4.84
8414,alf,Aqr,22,05,46.9,-00,19,11,2.94
8417,xi,Cep,22,03,47.3,+64,37,41,4.29
8418,iot,Aqr,22,06,26.1,-13,52,11,4.25
8425,alf,Gru,22,08,13.9,-46,57,40,1.71
8430,iot,Peg,22,07,00.6,+25,20,42,3.76
8431,mu,PsA,22,08,22.9,-32,59,19,4.50
8433,ups,PsA,22,08,25.9,-34,02,38,4.99
8447,tau,PsA,22,10,08.7,-32,32,55,4.92
8450,tet,Peg,22,10,11.9,+06,11,52,3.55
8454,pi2,Peg,22,09,59.2,+33,10,42,4.29
8465,zet,Cep,22,10,51.2,+58,12,05,3.35
8468,,Cep,22,09,48.3,+72,20,29,4.79
8485,,,22,13,52.6,+39,42,54,4.49
8486,mu1,Gru,22,15,36.9,-41,20,48,4.79
8494,eps,Cep,22,15,01.9,+57,02,37,4.19
8498,,Lac,22,15,58.1,+37,44,56,4.15
8499,tet,Aqr,22,16,49.9,-07,47,00,4.16
8502,alf,Tuc,22,18,30.1,-60,15,35,2.86
8518,gam,Aqr,22,21,39.3,-01,23,14,3.84
8522,,Peg,22,21,19.2,+28,19,50,4.81
8523,,Lac,22,21,01.5,+46,32,12,4.56
8538,bet,Lac,22,23,33.5,+52,13,45,4.44
8539,pi,Aqr,22,25,16.5,+01,22,39,4.64
8540,del,Tuc,22,27,20.0,-64,58,00,4.48
8541,,Lac,22,24,30.9,+49,28,35,4.58
8551,,Peg,22,27,51.5,+04,41,44,4.80
8556,del1,Gru,22,29,16.1,-43,29,45,3.97
8558,zet1,Aqr,22,28,49.6,-00,01,13,4.59
8559,zet2,Aqr,22,28,50.0,-00,01,12,4.42
8560,del2,Gru,22,29,45.4,-43,44,58,4.11
8571,del,Cep,22,29,10.2,+58,24,55,3.75
8572,,Lac,22,29,31.8,+47,42,25,4.37
8573,sig,Aqr,22,30,38.7,-10,40,41,4.81
8576,bet,PsA,22,31,30.3,-32,20,46,4.29
8579,,Lac,22,30,29.1,+43,07,25,4.51
8582,nu,Tuc,22,33,00.0,-61,58,57,4.81
8585,alf,Lac,22,31,17.4,+50,16,57,3.77
8597,eta,Aqr,22,35,21.3,-00,07,03,4.00
8613,,Lac,22,37,22.3,+51,32,43,4.63
8622,,Lac,22,39,15.6,+39,03,01,4.89
8628,eps,PsA,22,40,39.3,-27,02,37,4.18
8630,bet,Oct,22,46,03.3,-81,22,54,4.15
8632,,Lac,22,40,30.8,+44,16,35,4.46
8634,zet,Peg,22,41,27.6,+10,49,53,3.41
8636,bet,Gru,22,42,40.0,-46,53,05,2.11
8641,omi,Peg,22,41,45.3,+29,18,27,4.79
8644,ro,Gru,22,43,30.0,-41,24,52,4.85
8649,,Aqr,22,43,35.2,-18,49,50,4.69
8650,eta,Peg,22,43,00.1,+30,13,17,2.95
8655,eta,Gru,22,45,37.8,-53,30,00,4.85
8665,xi,Peg,22,46,41.5,+12,10,22,4.19
8667,lam,Peg,22,46,31.8,+23,33,56,3.93
8675,eps,Gru,22,48,33.2,-51,19,01,3.49
8679,tau2,Aqr,22,49,35.4,-13,35,33,3.98
8684,mu,Peg,22,50,00.1,+24,36,06,3.48
8694,iot,Cep,22,49,40.7,+66,12,02,3.54
8695,gam,PsA,22,52,31.5,-32,52,32,4.46
8698,lam,Aqr,22,52,36.8,-07,34,47,3.74
8699,,Lac,22,52,02.0,+43,18,45,4.94
8702,,,22,47,28.8,+83,09,14,4.74
8709,del,Aqr,22,54,38.9,-15,49,15,3.28
8717,ro,Peg,22,55,13.6,+08,48,58,4.90
8720,del,PsA,22,55,56.8,-32,32,23,4.21
8726,,,22,56,25.9,+49,44,01,4.94
8728,alf,PsA,22,57,39.0,-29,37,20,1.16
8747,zet,Gru,23,00,52.8,-52,45,15,4.12
8748,,,22,54,24.6,+84,20,47,4.72
8752,,,23,00,05.0,+56,56,44,5.00
8762,omi,And,23,01,55.2,+42,19,34,3.62
8773,bet,Psc,23,03,52.5,+03,49,12,4.52
8775,bet,Peg,23,03,46.4,+28,04,58,2.42
8780,,And,23,04,10.9,+50,03,08,4.66
8781,alf,Peg,23,04,45.6,+15,12,19,2.48
8787,tet,Gru,23,06,52.7,-43,31,14,4.28
8789,,Aqr,23,06,40.8,-23,44,35,4.48
8795,,Peg,23,07,00.2,+09,24,34,4.51
8796,,Peg,23,07,06.6,+25,28,06,4.74
8797,,Cas,23,06,36.8,+59,25,12,4.85
8812,,Aqr,23,09,26.7,-21,10,21,3.64
8817,,Aqr,23,09,54.7,-22,27,27,4.68
8819,pi,Cep,23,07,53.8,+75,23,16,4.42
8820,iot,Gru,23,10,21.5,-45,14,48,3.89
8830,,And,23,12,32.9,+49,24,23,4.53
8834,phi,Aqr,23,14,19.3,-06,02,56,4.22
8841,psi1,Aqr,23,15,53.4,-09,05,16,4.25
8848,gam,Tuc,23,17,25.7,-58,14,08,3.99
8852,gam,Psc,23,17,09.9,+03,16,56,3.70
8858,psi2,Aqr,23,17,54.1,-09,10,57,4.40
8860,,And,23,17,44.6,+49,00,55,4.86
8863,gam,Scl,23,18,49.4,-32,31,55,4.41
8865,psi3,Aqr,23,18,57.6,-09,36,38,4.98
8872,omi,Cep,23,18,37.4,+68,06,42,4.76
8880,tau,Peg,23,20,38.2,+23,44,25,4.60
8892,,Aqr,23,22,58.1,-20,06,02,3.98
8904,,Cas,23,24,50.2,+62,16,59,4.98
8905,ups,Peg,23,25,22.7,+23,24,15,4.40
8906,,Aqr,23,26,02.7,-20,38,31,4.39
8911,kap,Psc,23,26,55.9,+01,15,20,4.94
8916,tet,Psc,23,27,58.0,+06,22,44,4.30
8923,,Peg,23,29,09.2,+12,45,38,4.56
8926,,,23,30,01.9,+58,32,57,4.91
8937,bet,Scl,23,32,58.2,-37,49,07,4.37
8939,,Aqr,23,33,16.5,-20,54,52,4.72
8943,,Peg,23,33,57.1,+31,19,32,4.98
8949,iot,Phe,23,35,04.5,-42,36,55,4.71
8959,,,23,37,50.9,-45,29,33,4.74
8961,lam,And,23,37,33.8,+46,27,30,3.82
8965,iot,And,23,38,08.1,+43,16,05,4.29
8968,omg1,Aqr,23,39,47.0,-14,13,18,5.00
8969,iot,Psc,23,39,57.0,+05,37,35,4.13
8974,gam,Cep,23,39,20.8,+77,37,57,3.21
8976,kap,And,23,40,24.4,+44,20,02,4.14
8982,,Aqr,23,41,45.7,-17,48,59,4.83
8984,lam,Psc,23,42,02.7,+01,46,48,4.51
8988,omg2,Aqr,23,42,43.2,-14,32,42,4.51
8997,,Peg,23,43,59.4,+29,21,42,4.93
9003,psi,And,23,46,02.0,+46,25,13,4.95
9008,tau,Cas,23,47,03.4,+58,39,07,4.87
9016,del,Scl,23,48,55.5,-28,07,49,4.57
9045,ro,Cas,23,54,23.0,+57,29,58,4.54
9062,eta,Tuc,23,57,35.2,-64,17,55,5.00
9064,psi,Peg,23,57,45.5,+25,08,29,4.66
9066,,,23,58,24.7,+51,23,19,4.80
9067,,Psc,23,58,40.3,-03,33,22,4.86
9071,sig,Cas,23,59,00.4,+55,45,18,4.88
9072,omg,Psc,23,59,18.6,+06,51,48,4.01
9076,eps,Tuc,23,59,55.0,-65,34,38,4.50
9084,tet,Oct,00,01,35.8,-77,03,57,4.78
9089,,Psc,00,01,57.5,-06,00,51,4.41
9098,,Cet,00,03,44.3,-17,20,10,4.56
9103,,Cet,00,04,30.0,-10,30,35,4.98