county,diabetes,obesity
01001,8.1,30.5
01003,8.7,29.2
01005,9.8,30.3
01007,8.7,30.6
01009,9.6,27.9
01011,8.3,18.4
01013,12.1,29.3
01015,13.9,35.7
01017,10.4,30
01019,9.5,27.9
01021,9.5,36.1
01023,10.8,28.4
01025,10.5,32.2
01027,7.5,23.5
01029,7.3,23.7
01031,10.2,35.3
01033,9.3,30.6
01035,9.9,23.3
01037,8.2,21.6
01039,11.8,37.8
01041,10.3,26.1
01043,10.3,31.7
01045,13.6,35.1
01047,13.1,40.4
01049,9.6,34.9
01051,12,34.1
01053,13.8,32.7
01055,13.7,35.7
01057,8,25.3
01059,8.1,21.1
01061,11.8,29.8
01063,9.5,20.6
01065,11,30.6
01067,8.9,29.4
01069,11.2,36.1
01071,9.3,35.6
01073,11.8,35.1
01075,9.6,24.6
01077,10.2,33.1
01079,9.2,22.6
01081,10.1,30.6
01083,7.5,26.6
01085,10,23.9
01087,13.8,23.2
01089,11,30.7
01091,12.4,36.3
01093,8.5,24.8
01095,10.5,37.7
01097,12.6,37.4
01099,10,33.8
01101,14.8,42.4
01103,10.5,34.4
01105,10.4,25.5
01107,11.9,26.8
01109,11.9,27.9
01111,9.8,33
01113,12.4,29.3
01115,10.6,34.4
01117,9.3,29.9
01119,10.3,26.3
01121,10.5,35.7
01123,10,32.9
01125,11,38.8
01127,9.6,33.2
01129,13.4,33.1
01131,11.1,24.2
01133,8.1,29.9
02013,10.8,26.8
02016,11.5,29.6
02020,7.6,28.7
02050,7.7,28.4
02060,8.4,33.3
02068,6.5,20.7
02070,7.3,31.9
02090,7.3,29.3
02100,7.1,23.1
02105,7.7,21.1
02110,7.5,23.5
02122,7.4,29.5
02130,8.7,34.9
02150,8.5,31.4
02158,8.1,21.8
02164,8.1,20.8
02170,8,32.7
02180,7.6,29.8
02185,10.4,32.7
02188,8.7,32.9
02195,7.6,20.1
02198,9.3,22.2
02201,No Data,No Data
02220,7.3,24.3
02230,6.7,20.6
02232,No Data,No Data
02240,7.5,29.1
02261,No Data,No Data
02270,No Data,No Data
02275,8.3,26.2
02280,No Data,No Data
02282,8.2,17.7
02290,9.6,26.1
04001,14.1,34.9
04003,8.6,30.7
04005,7.1,24.2
04007,9.2,30.2
04009,9.9,31.3
04011,7.5,26.4
04012,7.7,26.2
04013,8.5,28.4
04015,10.3,32.1
04017,11.3,33.7
04019,7.3,26.5
04021,10.6,36.2
04023,9.4,31.5
04025,6.2,26.3
04027,11.3,38.9
05001,11.4,32.5
05003,11.2,32
05005,7.5,25.9
05007,8.4,27.1
05009,9.3,30.8
05011,8,26.6
05013,9.4,20.8
05015,8.7,28.5
05017,9.2,29.7
05019,9.8,30.7
05021,9.7,28.5
05023,8.3,32.1
05025,9.7,28
05027,11.1,31.5
05029,8.6,27.9
05031,10.3,40
05033,10,34.4
05035,11.8,38.3
05037,11.1,31.8
05039,9,20
05041,10,28.6
05043,9,28.4
05045,10.4,31.8
05047,8.9,24.1
05049,9.2,23.3
05051,9.9,25.7
05053,8.5,30.1
05055,12.8,32.3
05057,10.5,30.5
05059,8.4,29.8
05061,8.2,26.4
05063,8.2,30.5
05065,7.8,24.6
05067,9.3,23.3
05069,14.8,39.8
05071,10.1,33.2
05073,8.2,19.9
05075,8.3,34.5
05077,10.4,27.8
05079,8.1,21.9
05081,7.8,22.7
05083,9.9,33.8
05085,10.7,33
05087,7.5,25.1
05089,8.8,23.6
05091,11.8,28.9
05093,12.3,38.1
05095,9.4,22.6
05097,7.5,25.4
05099,8.7,20.8
05101,8.1,27.1
05103,10.3,29.8
05105,9.2,23
05107,14.3,36.7
05109,8.5,24.4
05111,9.6,32.1
05113,8.8,25.8
05115,10.3,37.2
05117,8,23.9
05119,10,34.6
05121,10.3,27.4
05123,11.7,36.1
05125,9,35.3
05127,7.6,19.9
05129,7,20.9
05131,11,30.6
05133,10.4,32.6
05135,8.4,31.1
05137,6.9,29.6
05139,10.7,38.1
05141,12.1,32.6
05143,10.3,31
05145,10.7,35.9
05147,8.2,23.4
05149,9.1,29.9
06001,7.4,23.5
06003,7.4,17.6
06005,7.4,21.3
06007,6.7,30.4
06009,6.5,22.5
06011,6.9,19
06013,8.7,25.3
06015,7.4,18.5
06017,7.1,25
06019,10.6,36.8
06021,7.3,19.6
06023,7.3,22.9
06025,8.7,32.1
06027,7.3,18.4
06029,10.5,33.4
06031,9.9,27.4
06033,7.7,24.6
06035,7.8,17.9
06037,8.8,25.5
06039,9.2,29.1
06041,7,16.2
06043,6.9,16.9
06045,7.1,24.1
06047,9.3,33.7
06049,7.1,17.8
06051,7,18.8
06053,8.8,31.3
06055,7.5,23.2
06057,5.7,19.4
06059,8.5,22.3
06061,6.3,23
06063,7.1,19
06065,9.3,32.2
06067,8.6,28.7
06069,7.8,20.2
06071,10.2,35.7
06073,7.4,24.3
06075,9.2,14.3
06077,8.8,32.3
06079,7,22.7
06081,8.3,18.9
06083,7.3,24.7
06085,8.5,20.7
06087,7.8,20.5
06089,7.1,23.3
06091,6.8,18.8
06093,6.9,21.3
06095,9.4,29.4
06097,6.6,23.2
06099,9,31.6
06101,8.5,23.1
06103,7.1,28
06105,7.1,17.5
06107,10.2,34.5
06109,7.6,17.5
06111,7.5,25.9
06113,9,27.6
06115,7.7,23.6
08001,8.6,30.7
08003,8.2,25.9
08005,7.1,24.1
08007,6.5,16.2
08009,7.7,19.8
08011,8.1,19.2
08013,4.9,15.5
08014,6.4,24.3
08015,5.8,18.9
08017,7.1,18.5
08019,6.1,19.3
08021,7.3,17.8
08023,7.2,17.4
08025,7.2,18.4
08027,7.7,18
08029,6.6,22.2
08031,6.8,19.8
08033,7.4,18.3
08035,4.8,18.9
08037,5.4,17.3
08039,7,25
08041,6.9,26
08043,8.3,26.9
08045,5.8,18.9
08047,6.7,16.1
08049,7.2,18.1
08051,6.6,16.6
08053,7,17.8
08055,9.1,17.8
08057,7.5,18
08059,5.5,22
08061,7.4,19.3
08063,6.3,21.8
08065,7.2,21.1
08067,5.9,21.4
08069,5.9,21.5
08071,8.5,26.3
08073,7.4,21.5
08075,8.2,26.8
08077,7.3,27.3
08079,6.9,17.8
08081,7.3,20.6
08083,7.3,22.5
08085,7.8,24.4
08087,7.8,40.7
08089,8.1,29.9
08091,6.3,17.9
08093,6.1,20
08095,7.8,22.5
08097,5.8,16.7
08099,8.2,31.9
08101,9.2,30.8
08103,6.3,19.1
08105,7.3,20
08107,6.5,14.5
08109,6.7,18.9
08111,6.9,17.9
08113,7.1,18.4
08115,6.7,20.8
08117,5,14.1
08119,6.9,21.2
08121,7.5,23.9
08123,8.2,31
08125,7.9,22
09001,6.1,22
09003,8.7,29.8
09005,5.9,27.2
09007,6.7,27.6
09009,9.4,31.9
09011,7.4,32.1
09013,7.6,26.2
09015,9.6,31.5
10001,11.9,38.7
10003,10,32.3
10005,9.3,35.4
11001,8.1,23.9
12001,9.4,28.7
12003,11.9,34.6
12005,10.3,31.1
12007,11.6,34.9
12009,9.8,29.7
12011,8.3,26.2
12013,10.2,34.8
12015,7.1,27.5
12017,8.9,30.5
12019,11.8,33
12021,6.3,19.4
12023,11.3,33.9
12027,11.4,33.9
12029,10.3,33.4
12031,11.8,33.2
12033,11.2,31.5
12035,8.3,31.1
12037,8.4,32.4
12039,15.9,36.1
12041,9.4,30.3
12043,11.1,30.1
12045,9.4,26.6
12047,10,30.8
12049,11.6,37.8
12051,11.5,34.3
12053,10.1,34.2
12055,11.8,32.6
12057,9.2,27.8
12059,12.9,37.9
12061,8,27.3
12063,13.3,35.3
12065,8.9,27.1
12067,9.3,31.4
12069,11,34.2
12071,7.6,24
12073,8.3,28.8
12075,11.7,35
12077,10.8,35.3
12079,12.6,35.4
12081,9.2,27.1
12083,8.6,36.7
12085,6.9,19.8
12086,8,23.3
12087,6.8,24.7
12089,9,30
12091,8.3,26.6
12093,10,32.1
12095,9.2,29.9
12097,11.6,34.1
12099,8.3,22.9
12101,9.5,28.8
12103,7.8,25.8
12105,11.2,35.3
12107,10.7,35.3
12109,8.2,23.1
12111,8.1,30.8
12113,9.9,30.2
12115,6.3,22.7
12117,9.3,26.5
12119,9.3,28.3
12121,11,35.2
12123,11,37
12125,10.5,29.6
12127,10.7,29.8
12129,8.6,31.2
12131,10.9,30
12133,11.6,35
13001,9.4,23.8
13003,7.6,19.2
13005,8.4,22.3
13007,8,17.4
13009,8.3,34.7
13011,7.4,19.5
13013,8.9,29.8
13015,8.8,28.8
13017,9.7,27
13019,9.7,26
13021,15.6,37.7
13023,7.2,26
13025,8.5,27.3
13027,9.4,26.3
13029,8.6,28
13031,11,33.8
13033,11.1,29.9
13035,10.5,23.2
13037,9,17
13039,9.4,34.2
13043,7.7,21.7
13045,11.3,32.4
13047,8.6,30.7
13049,8.1,26.6
13051,10.2,31.1
13053,8.1,18.5
13055,9.4,32.9
13057,8.8,29
13059,9.9,29.4
13061,8.7,20.8
13063,12.8,34.8
13065,10.3,24.2
13067,7.9,29.3
13069,10.3,25.8
13071,9.4,26.9
13073,8.2,31.5
13075,12.3,25.6
13077,9,34
13079,8.8,21.9
13081,8.8,20.2
13083,6.7,18.3
13085,8.1,25.3
13087,10.5,32
13089,10.5,26.3
13091,10.3,27.4
13093,9.6,23.1
13095,13,37.8
13097,11.6,30.5
13099,8.5,18.4
13101,7.5,17.4
13103,10.4,31.8
13105,7.2,18.8
13107,10.2,33.1
13109,8.3,23
13111,8.1,22
13113,8.5,27.7
13115,12.7,33.8
13117,9,25.4
13119,7.2,22.5
13121,8.3,26.4
13123,8.8,26.9
13125,7.5,19.8
13127,10.6,32.2
13129,10.4,37.4
13131,11,27.4
13133,8.3,23.5
13135,9.6,28.6
13137,8.4,27.5
13139,9.9,28.5
13141,9.6,23.2
13143,7.5,22.1
13145,11.6,26.7
13147,8.7,20.7
13149,7.2,17.8
13151,10.7,39.1
13153,13,35.7
13155,7.8,21.8
13157,7.3,28
13159,8,19.8
13161,7.2,20
13163,10.1,26.2
13165,8.6,23.8
13167,11.9,25.3
13169,8.2,24.2
13171,7.5,20.5
13173,9.1,23.2
13175,12.6,38.8
13177,9.9,28.4
13179,10.6,35.2
13181,8.4,19.6
13183,8,18.2
13185,11.6,35
13187,7,23.1
13189,9.9,28.3
13191,8.3,20.4
13193,9.8,19.8
13195,8.6,28.2
13197,7.1,18.9
13199,9.8,29.8
13201,7.8,19.3
13205,8.8,20.4
13207,8.7,18
13209,8.1,20.6
13211,8.7,24.7
13213,11.1,37.4
13215,11.9,35.8
13217,10.4,35
13219,7.7,25.4
13221,7.6,21.6
13223,10.8,31.6
13225,9.7,20.1
13227,9.7,26.6
13229,11.1,26.5
13231,9.7,22.1
13233,11.3,32.9
13235,11.4,23.8
13237,7.3,20.8
13239,8.1,17.5
13241,8.3,20.7
13243,8.7,21.4
13245,14.7,38.4
13247,8.8,34.1
13249,7.5,17.7
13251,8.6,26.7
13253,9,19.5
13255,8,31.3
13257,8.8,18.6
13259,8.6,16.6
13261,12.7,26.4
13263,7.9,18.8
13265,8.2,16.8
13267,8.9,22
13269,9.9,20.1
13271,12.8,33.4
13273,8.1,17.5
13275,10.3,24.6
13277,12.8,33.4
13279,8.1,32
13281,7.7,20.7
13283,9.9,22.5
13285,9.9,37
13287,10.6,20.8
13289,8.6,16.9
13291,5.9,21.7
13293,8.7,25.4
13295,10.4,26.1
13297,8.7,33.1
13299,10.6,27.8
13301,9.4,20.8
13303,10.6,19.6
13305,10.7,22.5
13307,7.6,17.5
13309,8.4,20.3
13311,7.7,21.8
13313,12.1,36
13315,8.5,21.2
13317,10.4,20.6
13319,8.6,18.8
13321,10.3,23.5
15001,8.3,25.9
15003,9.8,25.1
15005,8.4,16.9
15007,8,23.8
15009,7.9,24.9
16001,7.1,25.9
16003,6.7,23.4
16005,8.7,34.2
16007,8.1,28.5
16009,8.8,24.9
16011,10.7,38
16013,5.5,17.3
16015,6.3,27.7
16017,6.8,23.9
16019,8.8,33
16021,7.3,23.7
16023,8,23.6
16025,7.5,22.6
16027,11.1,35
16029,7,28.7
16031,8.6,32.2
16033,7.1,19.7
16035,9.7,28.8
16037,7,21.7
16039,8.6,29.6
16041,7.2,28.9
16043,9.1,28.2
16045,8.4,29.1
16047,8.2,34.2
16049,8.3,26.7
16051,6.6,35
16053,6.9,26.9
16055,8.4,28.1
16057,7.9,25.4
16059,7.8,30.4
16061,11.5,31.3
16063,7.9,23.9
16065,6.5,31
16067,9.4,32.3
16069,10.3,31.4
16071,8.3,23.5
16073,7.4,22.1
16075,8.7,33
16077,7.2,29.6
16079,10,32.9
16081,6.2,25.3
16083,9.2,31.5
16085,5.4,14.7
16087,8.3,33.1
17001,7.9,20.4
17003,7.4,17.7
17005,7.1,18.5
17007,7.2,20.8
17009,7.2,17.4
17011,7.6,22.5
17013,6.8,18.2
17015,7.1,20.9
17017,7.1,17.8
17019,8.1,24.6
17021,7.8,24.4
17023,6.6,19.5
17025,7.3,20.1
17027,6.9,21.9
17029,7.4,22.1
17031,8.5,26.7
17033,7.5,21.6
17035,7.3,18.1
17037,8.1,29.2
17039,6.7,18.1
17041,7.1,20.8
17043,7.4,24.5
17045,7.2,19.5
17047,6.6,18.2
17049,6.7,20.3
17051,7,21.2
17053,7.4,18.6
17055,8.1,23.1
17057,7.3,22.2
17059,6.9,17.7
17061,7.2,18.7
17063,7.3,22.7
17065,6.8,19.1
17067,7.2,22.1
17069,6.9,18.7
17071,7.2,22.8
17073,6.8,23.6
17075,7.5,20.8
17077,8.3,23
17079,7.2,18.5
17081,7.1,20.2
17083,7.7,22.5
17085,7.9,27.3
17087,7,18.4
17089,9.6,32.7
17091,8.6,29.8
17093,8.8,26.3
17095,7.6,27.1
17097,7.7,27.7
17099,8.4,29.5
17101,7,18.4
17103,7,22.6
17105,8.1,21.6
17107,7.2,19.3
17109,7.1,19.4
17111,7.5,31
17113,8.1,29.7
17115,7.3,26.8
17117,8.4,25.1
17119,9.5,35.8
17121,8.8,19.7
17123,6.9,18.1
17125,7,21.6
17127,7.1,18.5
17129,7.3,21.6
17131,8.1,21.7
17133,8.3,24.3
17135,7.6,26.5
17137,7.1,23
17139,6.9,17.6
17141,7,25.1
17143,8.8,32.4
17145,7.7,20.5
17147,7.1,19.7
17149,7.1,18.8
17151,7,17.8
17153,7.6,18.8
17155,7,17.6
17157,6.8,24.2
17159,7,18.3
17161,9.7,28.3
17163,9.1,34.8
17165,6.7,18.7
17167,9,29.1
17169,6.7,17.6
17171,7,17.7
17173,7.2,19.3
17175,6.9,18.6
17177,7.4,25.4
17179,7.2,24.4
17181,7.2,18.6
17183,6.9,28.9
17185,7.4,18.1
17187,7.3,20.3
17189,7,19.8
17191,7.2,20.8
17193,7.2,20.2
17195,8.6,30.4
17197,8.2,32.3
17199,9.4,21.7
17201,8.7,35.8
17203,7,23.1
18001,7.7,30.4
18003,9,36.4
18005,10.1,32.2
18007,6.8,21.6
18009,7.7,28.9
18011,8.1,30.7
18013,8.2,23
18015,8.3,33.2
18017,8.6,30.5
18019,9.3,36.1
18021,9.7,28.7
18023,9,38
18025,8.8,24
18027,8.4,32.7
18029,7.4,29
18031,10.8,33.8
18033,8.6,31.7
18035,11.7,35.1
18037,7.8,30.5
18039,8.1,33.8
18041,9.3,25.6
18043,7.4,26.4
18045,8.2,21.6
18047,7.3,25.3
18049,8.1,24.3
18051,7.9,31.2
18053,10.2,32.4
18055,8.9,31.2
18057,8.4,25
18059,9.4,35
18061,9.3,36.4
18063,9.5,29.6
18065,7.6,35
18067,9.8,37.4
18069,10.5,32.4
18071,10.8,29.1
18073,8.1,27.8
18075,8.2,28.8
18077,7.9,26.4
18079,10.3,33.4
18081,10.5,30
18083,9.6,39.7
18085,9.9,32.9
18087,8.2,28.8
18089,11.5,39.1
18091,11.7,35.5
18093,8.7,36.2
18095,12.9,37.3
18097,11.4,34.5
18099,7.3,34.5
18101,7.9,26
18103,10,28.2
18105,8.3,26.1
18107,8.9,37.4
18109,15.1,38.2
18111,8.5,24.4
18113,8.8,31.9
18115,6.7,19.9
18117,10.7,22
18119,10.7,29.5
18121,8.8,26.7
18123,7.3,26.4
18125,8.4,22.4
18127,9.1,34
18129,8.2,29.4
18131,7.2,30.1
18133,11.6,27.8
18135,8.4,24.4
18137,8.4,29.2
18139,8.7,25.8
18141,8.9,35.8
18143,9.9,25.8
18145,10.3,33.5
18147,7.3,25.8
18149,7.9,30.7
18151,7.8,31.2
18153,8.4,27.2
18155,7.5,22.9
18157,8.5,31.8
18159,8.9,26.1
18161,7.3,19.2
18163,10.5,32.9
18165,7.5,22.3
18167,10.6,29.9
18169,9.6,33.8
18171,8.5,22.3
18173,9.5,37.4
18175,8.2,28.7
18177,8.4,33.1
18179,7.5,25.5
18181,9.9,30.8
18183,7.8,28.5
19001,7.6,26.4
19003,7,23
19005,7.3,31.1
19007,7.7,32.4
19009,8.7,23.6
19011,8.2,34.4
19013,8.9,37.2
19015,9.5,35.9
19017,7,34.6
19019,9,38.6
19021,7,22
19023,7.1,28.9
19025,8.1,27
19027,6.6,28.1
19029,7.8,27.8
19031,6.4,38.4
19033,9.4,32.7
19035,8.6,32.9
19037,7.1,27.6
19039,7.3,26.6
19041,7.9,35.4
19043,8.1,37.1
19045,8.5,36.7
19047,7.3,30.8
19049,6.2,32.7
19051,8.3,30.1
19053,6.5,24.7
19055,8.3,36.5
19057,8.5,31.9
19059,7.6,30
19061,7.6,33.3
19063,7.8,29.7
19065,7.6,34
19067,7.8,34.1
19069,9.2,36.8
19071,7.8,32
19073,7.3,25
19075,7,31.8
19077,6.8,33.9
19079,7.5,30.5
19081,7.6,25.4
19083,8.6,32.2
19085,9,34
19087,8.6,28.4
19089,6.8,31.9
19091,8.4,25.6
19093,6.3,27.8
19095,7.8,38.5
19097,7.4,32.4
19099,8.7,33.5
19101,6.4,25.2
19103,7,25.9
19105,9,34.3
19107,7.8,32.7
19109,9.7,33.5
19111,8.8,35.3
19113,8.8,35.9
19115,7.6,25.2
19117,9.1,25.1
19119,6.9,24.2
19121,7,31.9
19123,7.2,24.5
19125,8,30.8
19127,9.2,37.4
19129,8.4,27.7
19131,7.7,30.4
19133,9.1,29
19135,7.1,28.6
19137,8.7,32.1
19139,9,41.4
19141,6.7,27.7
19143,7.5,28
19145,10.5,34.7
19147,8.2,34
19149,6.5,29.1
19151,7.3,26.8
19153,8.8,35.5
19155,9.5,39.4
19157,7.6,33.6
19159,8.8,28.8
19161,7.1,36.2
19163,9.9,35.1
19165,9,32.5
19167,7.9,31.1
19169,7.5,27.3
19171,6.8,32.9
19173,7.4,27.4
19175,10.1,27.2
19177,7.4,25.8
19179,11.8,33.9
19181,8.8,36.2
19183,7.3,31.8
19185,9.5,29.1
19187,8.3,31.1
19189,7.4,30
19191,5.9,27.9
19193,11.5,37.3
19195,7.3,22.4
19197,10.1,37.4
20001,10.3,35.5
20003,6.4,30.2
20005,7.2,29.9
20007,7.1,30.2
20009,10.8,30.2
20011,11,40.4
20013,9.5,33.8
20015,9.7,36.8
20017,7.6,22.7
20019,6.9,22.1
20021,10.1,27.3
20023,7.6,21.5
20025,5.9,24.7
20027,10.4,34.7
20029,8.8,30.5
20031,7.8,27
20033,7.4,22.7
20035,9.9,36.8
20037,7.7,31.8
20039,6.8,24.9
20041,7.6,36.2
20043,8.7,22.8
20045,7.2,29
20047,10.4,26.6
20049,9.1,21.9
20051,7.8,27.7
20053,7.4,26.9
20055,9.8,41.4
20057,10,36.8
20059,8.7,35.3
20061,9.2,32.2
20063,8,23
20065,6.6,27
20067,6.5,27.2
20069,5.7,31.3
20071,6.3,17.8
20073,8.3,28.9
20075,7.2,17.6
20077,6.9,23.6
20079,7.5,30.9
20081,7.6,22.2
20083,7.3,25.2
20085,8.7,32.2
20087,9.9,33.2
20089,8,22.9
20091,7.4,28.7
20093,7.7,21.5
20095,7.6,33.3
20097,8.3,26.8
20099,10.1,32.8
20101,7.2,24.2
20103,11.1,35.1
20105,8,25.2
20107,10.5,30.8
20109,7.4,22.2
20111,8.2,36
20113,9.1,31.1
20115,9,25
20117,7.5,33.8
20119,6.9,19.7
20121,8,37.6
20123,8.5,33.9
20125,11,38.1
20127,8.3,28.4
20129,7.3,21.5
20131,5.8,28.5
20133,7.7,34.2
20135,9,27.8
20137,8.6,24.1
20139,9,42.8
20141,8.3,28.8
20143,8.8,28.5
20145,8.8,32.2
20147,6.8,28.7
20149,9,33.7
20151,7.4,28
20153,7.2,22.6
20155,11.3,39.8
20157,8.4,30.8
20159,9.7,33.3
20161,7.4,25.1
20163,7.2,23.5
20165,7.4,23.5
20167,7.3,28.7
20169,9.8,36.4
20171,7.9,21.4
20173,10.4,35.1
20175,9,32.1
20177,11.1,37
20179,6.7,26.2
20181,6.4,31.6
20183,7.4,26.3
20185,7.9,24.6
20187,6.9,19.2
20189,8.1,30.4
20191,9.5,33.2
20193,8.7,28.4
20195,9.4,25.6
20197,9.1,30.9
20199,6.7,18.7
20201,7.2,24.8
20203,8.2,28.3
20205,9.2,28.9
20207,8,23.5
20209,12.3,42
21001,8.5,27.8
21003,8.6,21.9
21005,7.5,19
21007,7.6,21
21009,9.3,28.3
21011,10.2,30.9
21013,8.8,30.2
21015,9.5,35
21017,7.3,23.1
21019,13.6,40.7
21021,9.4,27.3
21023,7.2,28
21025,9.7,32.2
21027,8.2,27
21029,8.7,34.6
21031,8,23.8
21033,9.9,26.8
21035,8.3,29.8
21037,7.9,36.4
21039,7.2,21
21041,8.1,24.3
21043,11.2,34.1
21045,8.3,19.3
21047,12,31.1
21049,8.1,27.5
21051,9,25.1
21053,8.8,28.4
21055,8.8,24.4
21057,7.2,19.5
21059,9.9,33
21061,8.2,25.7
21063,7.5,25.4
21065,7.7,23.1
21067,8.9,29.5
21069,9.4,31.3
21071,11.8,36.2
21073,8.7,30.4
21075,8.1,20.3
21077,8,21.7
21079,7.2,22.7
21081,9.9,26.4
21083,10.2,31.7
21085,8.6,32.8
21087,7.8,20.6
21089,9.8,35.5
21091,7.8,22.1
21093,9.9,35
21095,12,41.9
21097,7.7,24.9
21099,8.8,26.7
21101,10.7,35.1
21103,7.2,25.3
21105,7.6,20
21107,13,36.3
21109,9,32.1
21111,10.4,32.6
21113,7.7,26.9
21115,9.7,36.5
21117,10.1,33.9
21119,12.2,31.3
21121,8.5,29.6
21123,8,26.9
21125,10.8,32
21127,7.6,27.1
21129,8.6,28.5
21131,10.7,26.6
21133,10.1,36.8
21135,9.4,28.8
21137,9.1,24.5
21139,7.9,24.7
21141,8.9,24.2
21143,9.1,24.2
21145,10.3,32.5
21147,10.1,30.1
21149,7.7,24.7
21151,8.5,33
21153,10.2,31.1
21155,7.8,25.5
21157,8.2,32.7
21159,8.9,24.7
21161,8.2,30.5
21163,7.9,27.8
21165,10.4,29.8
21167,8.8,30.1
21169,7.5,24.1
21171,7,20.1
21173,8.6,34
21175,8.4,28.3
21177,13.2,36.2
21179,9,31
21181,7.9,19.8
21183,9.8,24.6
21185,8,32
21187,8.9,21.3
21189,7.3,22.8
21191,8.2,30.6
21193,10.1,36.6
21195,11.3,37.8
21197,8,19.3
21199,10,36.3
21201,7.1,17.9
21203,8.3,25.8
21205,8.4,32
21207,9.2,26.9
21209,6.3,26.8
21211,7.2,27.1
21213,7.9,24.9
21215,8.1,23.2
21217,8.8,29.1
21219,8,26.5
21221,10.2,30.5
21223,7.7,21.9
21225,7.9,25.1
21227,8.1,29.8
21229,8,22.6
21231,9.2,30.9
21233,7.6,28.1
21235,11.4,28.3
21237,11,29.9
21239,7.5,23.8
22001,11.1,35.7
22003,8.3,24.7
22005,9.4,29.9
22007,9.2,31.2
22009,10.2,31
22011,9.9,29.1
22013,8.3,16.5
22015,10,34
22017,13.5,41.2
22019,12.3,36.2
22021,7.4,18.8
22023,7,19.5
22025,8,19.5
22027,8.8,22.4
22029,10.1,25.8
22031,10.4,24.5
22033,11.1,34.6
22035,7.9,16.5
22037,8.7,22.7
22039,10.2,26.5
22041,7.8,22.2
22043,9.3,27.6
22045,10.5,32.7
22047,11,24.8
22049,7.4,21.9
22051,11.1,34.4
22053,7.5,32.1
22055,10,31.2
22057,12.8,34.6
22059,7.9,23.2
22061,8,23.3
22063,9.7,38.7
22065,8.7,20.1
22067,8.3,23.4
22069,9.9,29.5
22071,9.8,26.9
22073,12.1,36.8
22075,8.2,20.7
22077,10.3,23.3
22079,11.9,41
22081,7.9,18.5
22083,8.4,22
22085,7.5,27.4
22087,10.7,28.3
22089,8.6,28.7
22091,7.8,20.8
22093,11.3,30.5
22095,10.1,31.3
22097,10,33
22099,9.5,32.1
22101,12.2,29.3
22103,8.8,28
22105,10.9,38.7
22107,7.9,18.2
22109,14.3,41.8
22111,7.7,19
22113,8.2,34.7
22115,10,39.1
22117,12.7,37
22119,10.5,27.7
22121,10,23.1
22123,8.8,21.8
22125,8.2,18.6
22127,7.9,18.7
23001,9.6,33.4
23003,10.3,36.9
23005,6.9,24.8
23007,7.2,31.3
23009,6.5,28.7
23011,9.3,33.6
23013,7.5,27.7
23015,6.6,22.6
23017,8.2,33.3
23019,10,34.6
23021,9.1,33.4
23023,8.3,29.4
23025,10.1,31.9
23027,6.9,31.1
23029,8.8,33.5
23031,7.5,30
24001,10.4,34.4
24003,8.7,30.6
24005,8.9,32
24009,9.3,32.7
24011,12.6,39.7
24013,8.2,28.5
24015,9.3,36.2
24017,11.7,41.5
24019,13.8,38.3
24021,8.9,29.7
24023,9.5,30.9
24025,9.2,32.6
24027,7.2,24.4
24029,9,29.9
24031,6.8,21.6
24033,11.9,34.8
24035,7.8,29.1
24037,10.6,36.4
24039,11.7,34.7
24041,7.4,31.3
24043,10.6,36.3
24045,11,36.9
24047,9.9,31.5
24510,12.5,36.6
25001,6.1,23.1
25003,8,22.5
25005,7.6,27.3
25007,7.2,18.3
25009,7,26.6
25011,6.7,26.4
25013,8.2,30.2
25015,6.3,22
25017,6.4,20.4
25019,7.1,20.7
25021,7.1,22.8
25023,6.7,24.4
25025,8.1,21.3
25027,8,30.6
26001,8,19.5
26003,7.8,19.5
26005,8.3,29.9
26007,8.4,27.1
26009,7.5,26
26011,6.9,20.7
26013,7.6,22.1
26015,8.3,28.3
26017,10.2,33.6
26019,8.3,26
26021,7.9,33.4
26023,9.8,27.8
26025,10.8,37.6
26027,8,26
26029,6.4,26.2
26031,8.6,30.2
26033,8.7,26.3
26035,10.1,32.8
26037,9.5,29.6
26039,7.2,19.6
26041,9.9,32.5
26043,7.5,25.8
26045,7.4,32.4
26047,6.7,23.4
26049,11.8,38.7
26051,8.4,24.5
26053,8.6,22.8
26055,7.2,26.4
26057,8.5,35.5
26059,7.7,29.4
26061,7.9,22.1
26063,8.6,27.5
26065,8.7,30.5
26067,10.1,35.6
26069,8.9,29.7
26071,7.5,20.3
26073,8.6,32.3
26075,9.6,37.2
26077,8.2,35.5
26079,8,25.4
26081,9.2,32
26083,6.9,17.9
26085,8.6,24.1
26087,8.4,36.6
26089,6.6,23.2
26091,10.5,39.2
26093,7.1,30.1
26095,7.2,18.2
26097,8.4,25.4
26099,10.1,33.7
26101,7.8,23.2
26103,7.2,27.6
26105,8.1,28.2
26107,8.5,28.9
26109,7.2,26.8
26111,6.3,30.1
26113,7.8,24.9
26115,9.1,35.1
26117,8.5,37.2
26119,7.8,22.9
26121,10.3,36.7
26123,7.8,35.4
26125,8.2,30.1
26127,10.1,24.2
26129,9,23.3
26131,7.1,21.3
26133,8.1,23.7
26135,7.3,21.9
26137,6.9,24.1
26139,8.2,27.5
26141,7.6,23.4
26143,7.4,25
26145,10.5,41.8
26147,9.2,32.6
26149,9.5,25.6
26151,7.6,33.2
26153,7.1,19
26155,7.2,34.2
26157,7.9,28.6
26159,9.1,34
26161,7.6,26.9
26163,10.5,36
26165,8.5,28.8
27001,7.4,28.5
27003,8.5,32.7
27005,7.4,31.9
27007,9.3,35.6
27009,8.5,36.3
27011,6.3,27.2
27013,8,28.2
27015,8.3,34.8
27017,9,30.6
27019,8.1,26.7
27021,7.5,26.9
27023,9.6,32.8
27025,7.6,28.6
27027,7.1,34.4
27029,7.5,27.4
27031,7.3,23.8
27033,8.3,29.9
27035,7.9,31.8
27037,7.5,31.9
27039,8.4,31.3
27041,6.3,28.9
27043,7.3,34.2
27045,9.1,29.7
27047,7.4,29
27049,6.9,32
27051,6.4,29.3
27053,7,25.1
27055,7,26.6
27057,7.4,31.3
27059,7.3,32.7
27061,10,30.5
27063,7.6,23.6
27065,7.9,33.3
27067,6.3,31.2
27069,7.7,22.8
27071,7.9,27.1
27073,8.8,26.7
27075,6.7,31.3
27077,7.7,21.8
27079,7.4,30.6
27081,8.3,20
27083,7.9,31.1
27085,7.5,34.2
27087,10.4,28.7
27089,8.3,25.8
27091,8.6,31
27093,6.9,28.2
27095,9,30.9
27097,8.8,31.6
27099,7.9,31.6
27101,6.4,34.5
27103,7.1,27
27105,9.4,35.2
27107,9,34.7
27109,7.1,29.2
27111,6.4,30.7
27113,6.9,27.6
27115,8.7,32.6
27117,6.2,25.7
27119,9.4,33.8
27121,7,26.5
27123,8.8,30.7
27125,9.2,23.4
27127,8.3,35
27129,7.8,29.2
27131,8.4,30.2
27133,7.3,26.6
27135,7,28.9
27137,7.7,31
27139,7,31.2
27141,7.5,34.8
27143,9.7,29.6
27145,7.3,31.6
27147,7.8,32.6
27149,7.3,26.3
27151,8.7,31.6
27153,8,35.7
27155,8.3,22.4
27157,7.8,31.2
27159,7.8,30.3
27161,7.7,35.3
27163,7.7,28.1
27165,6.5,26.8
27167,7.4,25.9
27169,7.9,32.7
27171,6.9,31
27173,7.2,27.7
28001,10.7,38.4
28003,9.6,33.4
28005,10.2,31
28007,9.9,34
28009,7.9,18.7
28011,14.6,38
28013,10.1,27.5
28015,9.2,25.1
28017,11.9,32.4
28019,10.7,24.7
28021,11.3,20.1
28023,11.9,32.9
28025,13.7,42.5
28027,12.9,39.6
28029,9.7,29.5
28031,9,33.6
28033,12.7,37.3
28035,11.4,39.1
28037,9.9,27.6
28039,7.8,28.9
28041,11.6,33
28043,11.7,36.5
28045,8.2,26
28047,11.5,34.9
28049,12.4,40.5
28051,14.9,37.5
28053,10.8,26.3
28055,7.9,17
28057,11.6,31.9
28059,10.3,35.5
28061,10,37.4
28063,9.8,34.8
28065,10,33.9
28067,13.4,42.1
28069,12.8,31.4
28071,9.1,32.9
28073,10.9,35.7
28075,13.1,38.7
28077,10.5,28.7
28079,11.5,33.8
28081,11.3,36.3
28083,11.8,48.6
28085,13,39.1
28087,10.6,37.7
28089,9.4,28.5
28091,12.2,35.4
28093,10.8,30.7
28095,11.8,37.9
28097,9.6,27
28099,13.3,34.7
28101,11.6,37.4
28103,11.6,32.1
28105,10.9,32.3
28107,12.4,39.2
28109,10.9,30.2
28111,9.3,32.5
28113,14.1,39.3
28115,10.3,34.6
28117,9.4,27.5
28119,10.2,25.2
28121,10.3,33.4
28123,14.4,38.9
28125,8.8,18.6
28127,8.3,23.3
28129,10.1,35.6
28131,9,29.4
28133,13,42.5
28135,11.6,29.7
28137,10.9,36.4
28139,11.2,27.6
28141,9.8,35.3
28143,8.9,32.9
28145,8.1,31.9
28147,12.2,38.2
28149,11,29.5
28151,13.8,42.6
28153,11.3,26.4
28155,8.8,26.3
28157,7.5,24.2
28159,13.4,34.3
28161,10.8,31.4
28163,8.4,19.4
29001,7.9,33.7
29003,7.1,29.7
29005,7.7,25.2
29007,9.5,27.4
29009,9.7,23.2
29011,6.9,22.8
29013,8.9,37.3
29015,9.4,31.3
29017,8.3,23.5
29019,7.4,28.8
29021,9.7,32
29023,9.7,33.3
29025,10.4,34.7
29027,7.8,28.2
29029,7.7,32.1
29031,8.9,33.1
29033,9.3,29
29035,7,23.2
29037,7.3,31.5
29039,6.6,18.1
29041,8,30.9
29043,7.4,33.6
29045,8.4,29.6
29047,8.7,31.5
29049,8.2,32.4
29051,8.7,29.1
29053,6.9,25.2
29055,7.5,29.2
29057,6.8,19.9
29059,7.3,23
29061,8.2,33.1
29063,7.9,28.8
29065,8.8,22.5
29067,6.8,21
29069,12.6,37.4
29071,10.1,28.3
29073,8.3,20.8
29075,7.3,26
29077,9.8,32.1
29079,9.2,28.2
29081,9.1,28.3
29083,9.5,30.8
29085,6.6,20
29087,7.7,22.8
29089,7.2,18.4
29091,9,33.3
29093,7.4,25.7
29095,10.3,34
29097,10.2,34.2
29099,9.4,36.9
29101,7.8,34.9
29103,7.3,26.8
29105,7,34.9
29107,9.5,36.2
29109,8.1,19.6
29111,7.9,29.5
29113,8.6,29.7
29115,8.1,26.3
29117,9.5,31.4
29119,9.8,26.1
29121,8.4,32.9
29123,6.5,24.1
29125,7.7,24.5
29127,9.5,35.7
29129,8,21.1
29131,8.4,28
29133,11,35.6
29135,7.1,19.2
29137,7.3,24.8
29139,7.4,20.7
29141,6.9,20.8
29143,11.5,37.2
29145,9.6,24.4
29147,8.1,33.1
29149,8.1,21.1
29151,7.7,25.4
29153,7.2,23
29155,13.3,33.9
29157,8.5,30.9
29159,8.5,32.3
29161,8.1,27.2
29163,8.5,35.6
29165,8.4,28.1
29167,8.6,24.3
29169,7.5,29.5
29171,7.7,22.3
29173,7.3,25.8
29175,10.9,34.4
29177,7.5,29.7
29179,6.7,20.3
29181,8.7,31
29183,7.2,30.9
29185,6.6,20.7
29186,8.5,27.1
29187,8.3,31.7
29189,8,28.9
29195,8.6,36
29197,7.4,23.4
29199,7.3,23.1
29201,12,42.2
29203,8.5,22.4
29205,6.7,25
29207,11.6,36
29209,7.8,27.8
29211,8.5,27.9
29213,8.8,28
29215,8.3,29
29217,7.6,22.3
29219,7.8,30.2
29221,8.9,27.8
29223,12,29.6
29225,9.2,30.3
29227,6.9,22
29229,7.5,27.1
29510,10.8,35.8
30001,6.9,24.5
30003,13,32.7
30005,10,33.8
30007,6.9,28.5
30009,8,24.3
30011,6.4,20
30013,8.9,34.8
30015,7,25.9
30017,9.3,32.6
30019,8.1,23.8
30021,9.3,36.4
30023,7.6,25.2
30025,5.8,20.6
30027,5.8,25
30029,5.4,25.9
30031,4.3,16.9
30033,6.7,17.6
30035,13.3,38.5
30037,7.3,19.9
30039,6.3,25.5
30041,8.6,37
30043,8.2,25.3
30045,6.1,23
30047,8.6,31.5
30049,7.7,25.9
30051,7.2,27.1
30053,9,30.1
30055,6.5,26.2
30057,6,21.5
30059,6.8,21.4
30061,6.5,24.8
30063,5.5,23.9
30065,6.7,25.6
30067,5.7,18.6
30069,7.3,19
30071,7.9,24.4
30073,9.1,29.3
30075,9.5,20
30077,7.3,27
30079,6.9,18.8
30081,7,27
30083,8.3,38.7
30085,14.7,35.8
30087,10.1,32.7
30089,7,22.9
30091,9,26.5
30093,9.8,28.2
30095,6.8,28.8
30097,6.5,24.7
30099,6.2,23.9
30101,7.7,23.7
30103,7.3,18.4
30105,8.5,31.1
30107,7,19.4
30109,7.4,19.9
30111,8.1,31.3
31001,10,36.9
31003,8.3,28.3
31005,6.9,23.4
31007,7,18.7
31009,6.9,20.9
31011,7.7,32.1
31013,7,33.3
31015,7.8,32.2
31017,9.1,27.1
31019,8.8,30.6
31021,8.3,30.2
31023,7.6,32.8
31025,9,37.1
31027,5.9,34.5
31029,9.1,33
31031,7.5,26.7
31033,7.3,29.8
31035,6.2,35.8
31037,8,30.1
31039,8,35.5
31041,7.6,32.3
31043,12.3,40
31045,6.4,22.6
31047,8.6,32.8
31049,6.3,24.1
31051,8.3,36.5
31053,9,39
31055,9.6,32.8
31057,8.4,27.1
31059,8.3,33.7
31061,7,25.2
31063,7.3,35.7
31065,8.7,33.2
31067,8.7,35
31069,7,24.4
31071,6.9,30.3
31073,7.4,23.1
31075,7.5,21.7
31077,6.9,27.3
31079,9.2,39.3
31081,8.8,33.3
31083,6.6,25.5
31085,7.4,24.2
31087,8.1,33.7
31089,7.3,35.6
31091,6.7,21.4
31093,7.5,31.9
31095,7.4,30.6
31097,5.5,27
31099,8.2,24.9
31101,5.8,27.4
31103,7.8,23.9
31105,8.7,22.3
31107,8.4,33.8
31109,8,31.6
31111,10,39.5
31113,7.7,19.8
31115,9.7,20.4
31117,6.8,20.4
31119,6.6,35.3
31121,9,31.2
31123,8.8,27.1
31125,7.4,31
31127,6.9,34.2
31129,6.9,32.5
31131,8,40.2
31133,6.9,34.8
31135,6.9,30.4
31137,8.3,31
31139,8.4,30.7
31141,9.2,35.3
31143,6.7,28
31145,9.4,36.3
31147,8.9,39.5
31149,9.2,33.1
31151,10,35.3
31153,9,33.6
31155,8.8,31.9
31157,10.1,36.7
31159,7,33.4
31161,7.2,32.7
31163,7.8,29.9
31165,6,20.5
31167,7.5,31.1
31169,8.7,34.3
31171,7,23.8
31173,12.3,43.1
31175,7.2,30.5
31177,8,31
31179,7.7,33.9
31181,7.2,33.1
31183,6.7,21.5
31185,9.5,38.8
32001,12.9,29.4
32003,10,30.2
32005,6.9,28.3
32007,8.3,30.8
32009,7,17.3
32011,7,18.3
32013,7.8,28.7
32015,8,25
32017,8.8,20
32019,8.5,33.8
32021,7.8,23.6
32023,8.2,30.6
32027,7.5,21.1
32029,8,17.8
32031,6.3,25.5
32033,8.8,22.8
32510,8.9,31.5
33001,8.3,33.4
33003,7.1,26.2
33005,7.3,31.9
33007,9.8,35.8
33009,6.7,27.8
33011,8.1,30.7
33013,6.7,29.9
33015,7.1,28.3
33017,9.1,29.4
33019,8.2,31.2
34001,10.4,29.5
34003,7,22.7
34005,9.7,30.2
34007,8.7,30.1
34009,7.9,28.3
34011,9.1,34.8
34013,8.8,27.6
34015,7.7,32
34017,9.5,23.9
34019,5.4,23.4
34021,7.9,27.7
34023,8.5,23.3
34025,7.4,21.4
34027,6.2,18.8
34029,7.3,29.8
34031,10.1,28.6
34033,9.8,34.7
34035,6.6,23.4
34037,8,27.6
34039,7.2,27.1
34041,6.8,30.3
35001,7.4,24.9
35003,8.3,15.9
35005,9,32.6
35006,12.5,37.3
35007,9.2,24.6
35009,10.4,32.9
35011,8.3,23.1
35013,9.2,29
35015,11.3,39.8
35017,7.1,26.3
35019,9,23.3
35021,7,17.7
35023,7.3,18.8
35025,12,37.5
35027,6,25.6
35028,6.1,20.6
35029,11,30.4
35031,14.6,39.8
35033,7.9,20.2
35035,9.4,29.4
35037,8.3,22.8
35039,10.8,29.9
35041,7,30.9
35043,7.5,27.7
35045,11.5,33.6
35047,10,28.8
35049,5.3,19.1
35051,9,27.9
35053,8.5,28.2
35055,6.7,17.4
35057,7.8,24.7
35059,7.8,20.9
35061,8,32.7
36001,7.7,25.8
36003,9.1,31.6
36005,11.5,29.6
36007,9.3,35
36009,11.6,34.6
36011,8.2,32.2
36013,9.9,34.8
36015,10.8,32.7
36017,8.6,31.8
36019,11.1,33.8
36021,7.6,29.2
36023,8.6,28
36025,7.4,31.9
36027,7.2,28.3
36029,9.3,29
36031,8.5,28.2
36033,11.9,41.3
36035,9.6,30.4
36037,9.7,27.8
36039,7.5,32.8
36041,7.8,25.5
36043,8.9,32.8
36045,9.7,33.6
36047,9.2,23.9
36049,9.7,32.2
36051,8.2,30.8
36053,8.3,31.8
36055,8,32
36057,11.4,34.1
36059,6.9,23.3
36061,6.5,17.4
36063,9.3,28.9
36065,9.2,30.7
36067,8.8,30.7
36069,7.3,29.2
36071,8.5,27.8
36073,9.6,31.4
36075,9.4,37.2
36077,8.3,30.4
36079,6.1,22.7
36081,10.7,24.8
36083,8.3,27.1
36085,8.7,29.4
36087,7.9,24.3
36089,9.8,36.4
36091,6.6,27.9
36093,8.8,30
36095,8.1,34.3
36097,9.2,29.9
36099,9,33.8
36101,10.3,33.8
36103,7,25.6
36105,7.9,34.4
36107,9.5,28.5
36109,6.7,22.7
36111,6.9,26.8
36113,6.8,28.7
36115,8.3,31.4
36117,8.7,33.2
36119,6.6,20.2
36121,9.1,33.4
36123,10.5,28.1
37001,9.6,32.1
37003,7.1,21
37005,7.5,17.4
37007,8.6,18.5
37009,8.4,23.6
37011,7.3,22.2
37013,8.4,24.9
37015,9.8,22.6
37017,8,29.7
37019,8.4,27.4
37021,6.8,25.5
37023,8.3,29.8
37025,9.5,28.6
37027,11.1,30.4
37029,7.1,17.4
37031,8.1,29.4
37033,7.3,18.6
37035,8.9,27.4
37037,7.1,26.2
37039,9.5,26.5
37041,8.3,20.9
37043,7.4,17.5
37045,11.4,30.8
37047,10.6,30.3
37049,9.9,26.9
37051,11.9,34.2
37053,7.3,23.1
37055,6.4,21.8
37057,7.9,35.3
37059,7.2,22.9
37061,10.3,30.9
37063,9.1,33.4
37065,9.7,22.2
37067,8.9,31.4
37069,10.4,27.2
37071,8.7,26.2
37073,8.2,17.8
37075,6.9,18.9
37077,7.4,18.3
37079,8.3,19.1
37081,8.9,35.7
37083,10.9,30.7
37085,11,41.3
37087,10.5,31.6
37089,6.5,34.2
37091,9.7,23.7
37093,10,36.6
37095,7.9,18.4
37097,11.1,31.6
37099,9.6,26.7
37101,12,29.6
37103,7.2,18.8
37105,8.6,27
37107,7.4,31.3
37109,7.9,24.3
37111,9.7,25.8
37113,8.6,24.1
37115,7.7,24.5
37117,9,20.7
37119,8.3,27
37121,6.8,20.2
37123,8.1,18.7
37125,7,25.2
37127,10.5,27.8
37129,7.5,23.9
37131,8.2,18.1
37133,9.2,31.2
37135,6.8,22.9
37137,7.4,19.7
37139,8.5,26.6
37141,8,21
37143,8,18.4
37145,7.2,25.7
37147,9.8,35.5
37149,7.5,23.7
37151,9.7,33
37153,9.8,25.4
37155,13.4,44
37157,11.1,28.9
37159,9.9,31.3
37161,8.7,24.8
37163,10.9,31.3
37165,12.8,23.6
37167,9.5,26.8
37169,9.5,33.9
37171,9.5,25.3
37173,9.3,18.7
37175,7.2,17.4
37177,7.7,17.3
37179,8.4,28.3
37181,8.7,28.4
37183,8.1,27.3
37185,8.1,17.2
37187,9.2,18.6
37189,7,23.2
37191,12.8,34.8
37193,8.2,30.6
37195,8.9,32.1
37197,9.7,25.2
37199,6.8,21.5
38001,6.9,23.1
38003,8.8,32.4
38005,9.5,27.9
38007,7.2,23
38009,8,27.3
38011,5.7,25.3
38013,7.5,26.5
38015,6.9,31.1
38017,8.8,32.5
38019,7.2,24.1
38021,7,29
38023,7.7,24.3
38025,7.5,30.2
38027,7.9,27
38029,8.4,25.2
38031,8.1,30.7
38033,7.7,24.8
38035,8.9,31.8
38037,8.5,25.6
38039,7,29.8
38041,7.1,23.4
38043,6.2,29.7
38045,7.3,29.5
38047,7.5,22.2
38049,7.9,30.3
38051,9.4,27.9
38053,6.9,32
38055,8.3,31.7
38057,8.2,31.3
38059,10.4,32.3
38061,9,35.3
38063,10,27.7
38065,6.5,28
38067,7.5,33.6
38069,6.8,30.7
38071,8.7,31.9
38073,8.4,30.1
38075,6.4,31.1
38077,8.3,31.7
38079,16.4,48.4
38081,8.3,26.7
38083,8.9,24.4
38085,10.3,21.6
38087,7.5,20.6
38089,7.5,27.8
38091,8.2,23.3
38093,6.5,31.5
38095,6.9,26.9
38097,7.7,29.6
38099,7.2,29.2
38101,8.8,36.7
38103,8.1,27.3
38105,7.5,35.5
39001,10.7,36.2
39003,11.6,37
39005,8.4,27
39007,9.1,39.7
39009,10.9,32.8
39011,9.4,36.6
39013,10,36.3
39015,9.7,30.2
39017,9.5,32.9
39019,9.7,29.7
39021,8.3,34.6
39023,12.1,35.5
39025,10,33.8
39027,9.1,32.5
39029,11.5,34.7
39031,9.9,33
39033,9.8,33.4
39035,9.4,32.8
39037,9,32.8
39039,10.6,31.5
39041,9,30.1
39043,9.2,35.8
39045,8.6,36.9
39047,12.1,41.5
39049,10.5,33.8
39051,8.6,30.3
39053,12.1,39.9
39055,7.2,29.8
39057,8.3,31.7
39059,10.2,35.4
39061,10.3,32.6
39063,9.3,30.5
39065,9.9,33.7
39067,8.5,36.7
39069,8.6,30.2
39071,9.9,38.2
39073,7.7,32.7
39075,7.2,24.7
39077,8.5,39.5
39079,13,39.9
39081,11.2,36.2
39083,9.1,38.7
39085,9.4,32
39087,11,38.4
39089,12.2,32
39091,7.8,26.9
39093,10.7,34.6
39095,11.2,36.6
39097,9.5,29.4
39099,11.6,34.1
39101,11.8,38.5
39103,8.4,30.8
39105,11.4,34.8
39107,7.7,29.4
39109,8.2,30.1
39111,8.2,30.1
39113,11.2,36.5
39115,7.3,32.1
39117,8.3,36.1
39119,10.1,37.7
39121,8.2,30.9
39123,7.1,26.5
39125,8.7,26.5
39127,8,30.4
39129,8.9,34.9
39131,13.7,36.7
39133,7.9,31.1
39135,10.4,28.8
39137,7.9,30.3
39139,10.8,36.3
39141,11.1,37.8
39143,9.4,30.7
39145,12.9,41.9
39147,10.4,34.7
39149,7.2,28
39151,9.9,35.7
39153,9.5,32.4
39155,10.7,38.3
39157,8.4,33.9
39159,8.2,34.3
39161,10.8,37.3
39163,12.8,35.5
39165,7.7,31.6
39167,9,30.7
39169,8.3,38.7
39171,10.6,34.3
39173,10.8,38
39175,10.2,33.3
40001,10.5,28.6
40003,7.4,19.5
40005,6.9,29.6
40007,7,25.2
40009,8.3,30.3
40011,9.9,33.3
40013,8,31.1
40015,10.9,31
40017,10.5,31.1
40019,10.2,34.3
40021,11.3,31
40023,9.8,24.6
40025,6.8,17.8
40027,9.6,31.6
40029,8.9,25.2
40031,12.1,38.5
40033,7.5,23.8
40035,8.7,22
40037,8.3,30.5
40039,8.7,33.9
40041,9.2,31
40043,8,26.4
40045,7.2,23.3
40047,9,35.4
40049,8.6,32.8
40051,9.1,35.3
40053,8.5,23.4
40055,7.4,24.1
40057,6.8,19.7
40059,7.2,20.3
40061,7.6,24.8
40063,9,20.6
40065,9.6,25.2
40067,8.2,20.1
40069,7.9,19.9
40071,9.1,35.6
40073,9.2,28.8
40075,7.9,22.9
40077,9.4,27.1
40079,11.1,40.3
40081,9.1,43.5
40083,9.6,32.3
40085,7.4,20.5
40087,7.4,30.5
40089,10,31
40091,9.8,25.2
40093,7.8,22.6
40095,8.7,24.7
40097,13.4,31
40099,8.8,26.8
40101,11.8,40.4
40103,8.7,21.7
40105,7.9,24.5
40107,9.1,20.9
40109,10.7,33.6
40111,10,35.1
40113,10,30
40115,9.7,31.5
40117,7,26.5
40119,8.8,31.9
40121,8.4,26
40123,10.8,36.8
40125,10.9,35.1
40127,8.2,20.2
40129,7,16.6
40131,9.5,35.9
40133,10.2,27.4
40135,11.2,28.4
40137,9.3,37.7
40139,9.4,31.5
40141,8.2,24.5
40143,9.8,34.4
40145,12.6,34
40147,8,30
40149,10.7,28.7
40151,8.3,27.3
40153,9.1,35.6
41001,7.5,20.2
41003,6.6,24.3
41005,7.6,26.4
41007,7.1,25.8
41009,8.9,34.1
41011,8.7,34.2
41013,8,25.8
41015,7.9,20.7
41017,8.1,24.9
41019,7.6,31.7
41021,6.8,17.2
41023,7.6,18.4
41025,7.4,19.1
41027,6,19.8
41029,7.6,25.5
41031,7.7,26.5
41033,8.4,28.1
41035,7.3,26.7
41037,8,22.3
41039,7.7,28.8
41041,8.1,31.7
41043,9.4,34.4
41045,9,27
41047,9.4,35.9
41049,9.2,26.3
41051,7.8,25.6
41053,9.3,34.9
41055,7.3,19.2
41057,6.2,28
41059,9,33
41061,9.7,29.9
41063,7.3,23.7
41065,7.9,24
41067,7.9,28.2
41069,6.9,17.7
41071,7.1,30.7
42001,7.5,30.4
42003,8.1,29.7
42005,8.7,38.2
42007,7.8,32.2
42009,7.8,25.5
42011,7.2,34.2
42013,9.1,27.9
42015,8.4,34
42017,7.2,25
42019,7.9,30.4
42021,8,25.6
42023,7.3,21
42025,7.9,19.4
42027,7.5,25.3
42029,7.1,26.5
42031,8.1,30.8
42033,8,30
42035,8,27.9
42037,7.4,29.4
42039,7.1,23.1
42041,8.4,31.6
42043,7.4,29.6
42045,9.2,26.7
42047,8,23.6
42049,8.3,33.1
42051,9,30.1
42053,7.4,18.6
42055,7.7,38.8
42057,7.2,27.7
42059,9.1,33.2
42061,7.1,22.8
42063,7.6,22.6
42065,10.3,33.6
42067,7.3,20.6
42069,8.1,27.2
42071,8.8,29.8
42073,9,31.4
42075,9.8,31.3
42077,9.5,34.6
42079,10.2,32.7
42081,7.6,29.9
42083,7.8,29
42085,6.2,27.6
42087,8.1,25.7
42089,8.7,29.6
42091,7.7,26.6
42093,8.2,19.7
42095,8.9,26.5
42097,7.5,33.8
42099,8.7,24.8
42101,11.3,29.1
42103,7.6,27.7
42105,8.3,19.4
42107,7.8,31
42109,8,33.1
42111,8.1,34
42113,6.9,17.8
42115,8.3,30.8
42117,7.1,27.4
42119,8.9,30
42121,9.4,31.2
42123,8.1,28
42125,8.1,32.6
42127,8.3,20.6
42129,8.7,34.5
42131,9.1,30.3
42133,7.6,31.2
44001,7.5,23.2
44003,8.2,30.5
44005,6.6,24.5
44007,9.7,31.4
44009,7.2,24.1
45001,10.3,33
45003,11.4,36.3
45005,12,22.5
45007,11.5,37.6
45009,9.5,28.9
45011,11,31
45013,6.9,24.4
45015,12.3,36.3
45017,8.3,27.4
45019,9.1,28.4
45021,8.1,27.9
45023,13,34.9
45025,12.4,35.5
45027,10.8,31.1
45029,12.7,29.7
45031,12.2,34.5
45033,9.9,31.3
45035,10.1,36.5
45037,8.2,32.1
45039,10.8,24.6
45041,12.8,37.9
45043,11.9,34
45045,9.8,31.2
45047,11.7,37.5
45049,10.4,31.1
45051,9.9,33.3
45053,9.4,27.2
45055,11.5,36.1
45057,10.1,32.5
45059,12.5,30.2
45061,9.1,25.1
45063,10.2,32.7
45065,10.8,30.4
45067,10.2,31
45069,12.1,29.9
45071,10,29.3
45073,8.4,31.7
45075,14.4,40.3
45077,9.6,22.1
45079,9.3,33.6
45081,9.9,30
45083,11.3,33.6
45085,12.9,37.2
45087,10.6,28.2
45089,16.2,41.7
45091,10.3,34.3
46003,7.5,24.5
46005,7.8,25.9
46007,12.6,39.2
46009,8.2,20.1
46011,7.5,30.9
46013,8.2,32.8
46015,7.1,25.4
46017,11.5,23.4
46019,6.3,23.6
46021,6.5,20.2
46023,8,23.1
46025,6.9,25.6
46027,8.1,22.5
46029,8.3,32.5
46031,12.8,37.6
46033,7,24.5
46035,7.7,26.9
46037,6.5,27.5
46039,5.9,30
46041,14.6,41.8
46043,7.2,20.1
46045,6.6,29.9
46047,7.1,27.5
46049,6,23.8
46051,6.6,25.3
46053,7.6,24.2
46055,7.8,26.8
46057,8.1,29.3
46059,7.2,20.6
46061,7.2,18.4
46063,6.7,20
46065,6.6,26.5
46067,6.4,21.1
46069,7.3,17.2
46071,10.6,30.3
46073,7.3,19.7
46075,7.1,18.6
46077,7.8,23.3
46079,6.9,25.4
46081,5.7,22.4
46083,7.5,30.4
46085,8.4,20.4
46087,8.3,21.8
46089,6.4,28.4
46091,6,21.8
46093,7.4,27.4
46095,10.2,31.6
46097,7.6,19.1
46099,7.5,30.5
46101,6.9,22.4
46102,15,39.8
46103,8,29.3
46105,6.8,26
46107,7.7,20.3
46109,7.8,24.4
46111,7.8,19.6
46113,No Data,No Data
46115,7.7,24.7
46117,6.8,22
46119,6.8,19.6
46121,15.3,41.9
46123,7.2,25.4
46125,8.5,25
46127,7.9,36.1
46129,9.4,17.4
46135,7,32.9
46137,13.7,42
47001,7.4,28
47003,8.8,27.3
47005,8.2,22.1
47007,7.4,22
47009,9.2,35
47011,11.5,37.6
47013,9,28.3
47015,6.7,21.3
47017,9,27.1
47019,10.5,27.2
47021,8.6,23.2
47023,7.5,29.9
47025,9.1,28
47027,6.7,19.6
47029,10.7,27.6
47031,11.1,31.3
47033,7.8,22.5
47035,9.9,31.4
47037,9.3,29
47039,8.7,28.9
47041,9.2,24.9
47043,7.1,24.3
47045,8.5,31.2
47047,9.4,27.1
47049,10.8,27.4
47051,9,34
47053,12.1,32.4
47055,9.2,29.1
47057,7.6,20
47059,10.8,33.7
47061,8.6,27.5
47063,10.1,30.9
47065,10.6,30
47067,7.2,20.7
47069,10,36.6
47071,10.8,34.6
47073,9.2,35.1
47075,12.2,31.4
47077,12,37
47079,9,27.5
47081,8.8,24.3
47083,7.2,17.9
47085,7.5,20.5
47087,8.3,22.9
47089,9.3,30.7
47091,7.2,24.7
47093,11.3,32.9
47095,7.7,17.8
47097,12.4,26.8
47099,7.9,32.7
47101,7.4,20.9
47103,7.7,27
47105,7.7,29.8
47107,12.1,30
47109,8.8,33.6
47111,11,36
47113,12.9,40.5
47115,9.5,25.1
47117,8.5,28.9
47119,11.6,33.8
47121,8.5,21.3
47123,9.5,28.9
47125,12.6,36.2
47127,7.2,18.7
47129,6.9,22.9
47131,9.8,24.3
47133,8.3,29.7
47135,8.3,21.9
47137,7.6,20.5
47139,9.6,28.7
47141,10.1,33.3
47143,7.1,27
47145,9.5,28.1
47147,9.2,25.2
47149,10.8,37
47151,8.7,26.2
47153,8.8,29.5
47155,9.3,28.6
47157,11.3,34.2
47159,7.5,28.3
47161,7.1,23.4
47163,11.2,31.7
47165,10.3,30.3
47167,9.5,31.2
47169,7.3,18.1
47171,7.2,21.4
47173,7.7,20.8
47175,6.8,18.5
47177,8.9,28.6
47179,11.3,31.8
47181,7.7,24.7
47183,7.6,28.9
47185,7.7,29.1
47187,7.2,25.3
47189,10.3,24.1
48001,8.4,23.8
48003,7,18.4
48005,12.6,39
48007,8.6,26.3
48009,7.1,19.7
48011,6.9,18.6
48013,6.9,19.5
48015,8.4,25.5
48017,6.8,17.7
48019,6.5,21
48021,9.9,32.8
48023,7.1,18.7
48025,7.6,22
48027,10.9,32.1
48029,11.3,35.1
48031,6.7,21.9
48033,6.8,17.9
48035,6.7,18.2
48037,8.1,22.4
48039,11.2,38.3
48041,9.4,30.4
48043,7.1,18.2
48045,6.9,18.1
48047,6.8,17.3
48049,8.1,21
48051,7.3,19
48053,7,21.5
48055,8.2,28.2
48057,8.9,26.4
48059,7.7,25.3
48061,12.1,39.6
48063,7.2,18.7
48065,7.1,18.3
48067,7.1,16.8
48069,6.8,17.8
48071,7.3,22.3
48073,9.7,32
48075,6.9,18
48077,7.2,19.9
48079,7.2,17.7
48081,6.9,17.7
48083,7.3,18.1
48085,8.2,23.8
48087,7,17.4
48089,8.5,22.7
48091,7.6,29.6
48093,6.8,18.1
48095,7.1,17.9
48097,6.6,19
48099,7.5,23
48101,7.1,17.7
48103,6.8,18
48105,6.7,18.8
48107,6.9,17.8
48109,6.9,18
48111,6.8,17.8
48113,9.7,30.6
48115,7.2,17.8
48117,6.9,18.2
48119,7,18
48121,7.7,29.2
48123,6.9,18
48125,7,17.2
48127,7,17.2
48129,7,17.9
48131,7.1,17.9
48133,7,18.1
48135,7.5,27.6
48137,7.1,18
48139,9.4,29.7
48141,10.8,34.9
48143,6.6,17
48145,7.4,17.6
48147,6.9,18.6
48149,7.7,25.8
48151,7,17
48153,7.1,17.8
48155,6.9,17.8
48157,10.4,27.9
48159,6.9,17.5
48161,7.3,17.7
48163,6.9,17.2
48165,7.1,17.8
48167,11.3,32
48169,6.9,17.7
48171,6.7,20.5
48173,7.1,17.6
48175,7.1,19.6
48177,7,20.2
48179,7.1,19.8
48181,7.6,24.8
48183,8.7,22.7
48185,7.6,20.8
48187,7.4,35
48189,7.3,18.5
48191,7.1,18.2
48193,6.9,17.3
48195,6.9,18.1
48197,7.1,19.3
48199,8.7,29.4
48201,10.3,32.6
48203,8,19
48205,7.2,17.6
48207,7,17.9
48209,8.8,28
48211,6.9,17.7
48213,8.9,29.1
48215,13.5,42.7
48217,7.7,21.4
48219,6.9,18.3
48221,8.9,24.7
48223,7.5,18.1
48225,8.7,22.5
48227,6.9,18.9
48229,7.1,17.4
48231,8.2,24.3
48233,6.9,18.7
48235,7,18.1
48237,7,18.1
48239,7.4,22.4
48241,9.3,25.2
48243,7.1,18
48245,11,39.6
48247,6.8,18.3
48249,8.5,20.1
48251,10.8,35.9
48253,7.4,28.1
48255,7,18
48257,8.7,25.1
48259,7.5,20.8
48261,7,17.7
48263,6.9,17.9
48265,7.9,24.7
48267,7,17.5
48269,7,17.9
48271,7,18
48273,7.2,21.6
48275,7,17.4
48277,7,18.8
48279,6.9,18.3
48281,7.7,18
48283,6.9,17.7
48285,7,17.9
48287,7.3,21.2
48289,7.1,17.8
48291,7.9,24.1
48293,7.6,18.6
48295,6.8,17.4
48297,6.4,21.8
48299,7.2,18.1
48301,7.3,17.8
48303,8.6,24.1
48305,6.9,17.8
48307,7.2,18.2
48309,7.8,22.3
48311,6.9,20.5
48313,7.2,18.9
48315,7.4,17.6
48317,7,17.9
48319,7,18.1
48321,10.7,33.6
48323,13.5,45.9
48325,6.9,19.5
48327,7,17.9
48329,7.2,23.6
48331,7.1,22.6
48333,7.3,20.1
48335,7.1,17.6
48337,6.9,21
48339,8.8,31.5
48341,6.9,21.1
48343,7.4,17.6
48345,7.1,17.8
48347,10.1,32.1
48349,10.4,27.6
48351,7.9,18.3
48353,7.4,19.2
48355,10.7,36.9
48357,6.9,17.6
48359,6.9,17.7
48361,9.8,35.8
48363,7.5,22.9
48365,7.6,18.2
48367,7.9,30.7
48369,6.8,18.4
48371,7,19
48373,12,37.8
48375,7.8,18.7
48377,7,18.2
48379,6.8,18.2
48381,8.8,22.3
48383,7,17.6
48385,6.9,17.7
48387,7.7,17.7
48389,7.1,19
48391,7.1,17.6
48393,6.8,18.1
48395,7.3,19.4
48397,6.7,20.3
48399,6.9,17.9
48401,7.7,22.5
48403,8.5,21.2
48405,7.9,18.5
48407,7.6,30.8
48409,12.2,40.7
48411,6.9,19.1
48413,7,17.8
48415,6.8,17.7
48417,6.9,18.5
48419,8.1,21
48421,6.8,17.7
48423,10.3,35
48425,6.9,19.4
48427,8.5,27.5
48429,7.1,19.7
48431,7,17.9
48433,7.1,18.8
48435,7.1,18
48437,7.2,17.7
48439,10.1,35.3
48441,9.8,32.6
48443,7,18
48445,6.9,17.4
48447,6.7,17.9
48449,7.5,19
48451,7.9,22.8
48453,6.8,25.7
48455,9.6,27.7
48457,8.5,25.3
48459,6.6,21
48461,7.1,18.2
48463,7.8,18.8
48465,6.7,21.8
48467,8.1,27.8
48469,9.7,30.9
48471,9.1,28.9
48473,7.3,19.3
48475,6.9,17.8
48477,7.1,19.7
48479,7.8,30.5
48481,9.4,25.8
48483,7.1,18.3
48485,11.5,31.8
48487,8.3,20.9
48489,6.7,22.2
48491,8.3,29.9
48493,7.5,22.3
48495,7,17.6
48497,9.1,24.1
48499,7.1,20.2
48501,6.9,18
48503,8,21.2
48505,6.7,17.4
48507,11.2,32.4
49001,6.4,22.3
49003,8.2,33.3
49005,8.4,28.1
49007,8.8,31.8
49009,7.2,18.8
49011,8.7,32
49013,7.7,29.7
49015,9.6,30.5
49017,7.6,22.8
49019,6.5,21.3
49021,7,25.4
49023,8.9,27.2
49025,7.4,23.5
49027,10.5,26.3
49029,6,21.7
49031,7.2,19
49033,6.3,16.9
49035,8.6,29.1
49037,11.2,31
49039,7.9,27.3
49041,8.2,31.8
49043,5.2,15.3
49045,9.8,35.4
49047,10.5,36.2
49049,7.4,27.7
49051,5.8,26.6
49053,6.9,28.1
49055,7.3,18.1
49057,9,33.3
50001,5.4,25.3
50003,7.5,24.7
50005,7.3,28.4
50007,5.8,20.4
50009,8.8,28.2
50011,8.3,35.1
50013,6.9,27.8
50015,6.6,23
50017,7.4,29.2
50019,7.2,31.6
50021,7.8,32.3
50023,6.5,26.8
50025,5.6,24
50027,6.6,28.2
51001,9.3,32.4
51003,7.7,20.7
51005,8.6,30.7
51007,8.1,25.3
51009,11.4,29.4
51011,8,27.9
51013,6.6,21.6
51015,10.3,31.8
51017,8.2,23.1
51019,7.9,29.8
51021,9,24.3
51023,7.9,29
51025,10.1,25.4
51027,9,30.4
51029,9.3,34.2
51031,10.2,39.4
51033,10.5,27
51035,7.9,27.7
51036,9.1,16.8
51037,9.8,28.9
51041,11.3,35.7
51043,6.3,19.4
51045,7.1,21.3
51047,10.3,29.2
51049,8.9,26.9
51051,8.2,27.9
51053,9.9,36.3
51057,9.5,24.2
51059,6.2,21.4
51061,7.4,26.5
51063,6.5,22.2
51065,7.6,24.5
51067,7.9,33.5
51069,7,27.5
51071,9,24.7
51073,8.2,28.2
51075,8.5,24.1
51077,8.2,29
51079,7.6,25.3
51081,10.6,23.5
51083,11,28.4
51085,8.4,33.9
51087,9.3,31.7
51089,12.3,37
51091,6.7,20
51093,8.7,26.9
51095,8.6,25.6
51097,7.5,19.2
51099,8.3,31.7
51101,7.4,26.5
51103,9,21
51105,10.9,30.9
51107,6.4,25.4
51109,8.1,29.6
51111,10,29.8
51113,7.9,22.8
51115,7.2,24.1
51117,12.6,34.4
51119,8.4,19.7
51121,9.5,29.3
51125,7.2,22.2
51127,7,25.7
51131,8.9,33.7
51133,7.1,19.4
51135,9.9,25.9
51137,8.8,25.2
51139,8.9,31.6
51141,8.7,24.8
51143,10.4,34.2
51145,7.6,25.4
51147,10,23.4
51149,10.1,31.1
51153,9.3,32.4
51155,7.6,26.2
51157,7.8,19.8
51159,8.4,31.9
51161,11.8,30.7
51163,9,24.3
51165,9.1,29.2
51167,9.9,36.4
51169,11.4,32
51171,8.2,34
51173,8.8,38.3
51175,10.2,31.7
51177,8.6,32.2
51179,9.5,34.1
51181,8,20
51183,9.6,31.1
51185,10.2,38.7
51187,7.9,24.5
51191,8.9,29.5
51193,9.4,27.8
51195,12.4,34.9
51197,9.2,35.9
51199,7.8,26.4
51510,7,22.1
51515,No Data,No Data
51520,8,20.9
51530,6.9,18.9
51540,7,19.5
51550,12.3,35.8
51570,8.6,31.4
51580,7.1,17.6
51590,11.2,29.2
51595,8.4,17.3
51600,9.3,23.7
51610,7.8,18.9
51620,8.1,23.5
51630,7.3,22.6
51640,7.2,18.4
51650,10.8,35.4
51660,8,26.9
51670,10.2,27.5
51678,7.2,17.7
51680,7.4,27.4
51683,7.7,20.9
51685,8.1,21.3
51690,8.1,18.2
51700,10.9,39
51710,9.2,34.7
51720,7.6,17.9
51730,11.5,38.6
51735,7.5,21.3
51740,14.9,39
51750,7.7,20.9
51760,10.4,28.9
51770,10.7,31.1
51775,8.2,23.7
51790,7.2,18.8
51800,10.9,29.6
51810,9.9,30.5
51820,7.1,18.1
51830,7.3,19.5
51840,7.9,21.6
53001,10.1,31.4
53003,9.7,29.9
53005,8.4,31.8
53007,7.8,27.6
53009,7,25.7
53011,8.6,34.2
53013,8.6,27.4
53015,8.9,38.5
53017,7.8,30
53019,8.4,25.7
53021,8.9,36.8
53023,7.5,28.8
53025,10.3,33.2
53027,10.3,35.3
53029,7.2,26.8
53031,6.9,20
53033,6.8,21.5
53035,8.2,30.8
53037,7.4,24.9
53039,7.6,26.5
53041,9.3,31.1
53043,7.9,34.9
53045,8.5,31.5
53047,9.1,29.4
53049,9.1,35.1
53051,7.5,24.1
53053,9.5,32.4
53055,4.6,19
53057,7.3,30.1
53059,6.6,28.2
53061,8.3,31
53063,8.2,31.4
53065,6.8,28.3
53067,7.9,31.3
53069,10.9,34.7
53071,8.2,25.2
53073,7.2,26.3
53075,6.9,28.6
53077,9.2,36.5
54001,10.9,26.5
54003,11.7,37
54005,14.4,44.8
54007,10.7,30.6
54009,11.2,31
54011,10.7,36.8
54013,8.7,30.2
54015,8.6,28.3
54017,9.7,29
54019,15.1,35.6
54021,9.5,23.8
54023,10.1,30.4
54025,11.1,33.4
54027,8.4,34.2
54029,10.5,33.6
54031,9.6,27.5
54033,13.2,37.3
54035,10.8,34
54037,8.8,29.9
54039,12.4,37.7
54041,8.3,30.6
54043,11.9,39.7
54045,14.4,43
54047,13.7,39.2
54049,9.8,39.4
54051,9.8,34.8
54053,10,38.1
54055,11.6,34.8
54057,11.8,34.6
54059,13.2,42.1
54061,9.3,32.2
54063,9.2,34.8
54065,9.6,27.8
54067,10.8,33.7
54069,9.7,29.1
54071,10.2,28.6
54073,7.2,22.7
54075,9.4,24.9
54077,10.9,39.2
54079,10.9,36.5
54081,12.5,39.8
54083,10,32.3
54085,9.9,34.9
54087,10.8,40.2
54089,7.8,36.1
54091,11,34.6
54093,8,30.9
54095,9.9,34.5
54097,9.7,32.2
54099,13,35.5
54101,10.1,30.4
54103,9.5,36.9
54105,7.2,20.4
54107,11.9,40.5
54109,11.5,35.7
55001,7.7,26.9
55003,7.3,34.8
55005,7.5,28.3
55007,6.1,26.8
55009,7.8,33.6
55011,7.6,21.4
55013,8,20.5
55015,7.8,21.3
55017,7.2,30.7
55019,6.8,27.8
55021,7.1,30.8
55023,6.6,21.5
55025,6.1,23.9
55027,7.4,36.9
55029,7.1,19
55031,7.7,23
55033,7.7,27.8
55035,6.5,27.9
55037,7.6,25.5
55039,6.5,31.8
55041,9,30.8
55043,6,31.5
55045,6,27.2
55047,8.1,21.3
55049,6.9,26.2
55051,7,19.4
55053,7.8,22.8
55055,6.5,31.7
55057,6.5,27.8
55059,8.2,30.8
55061,7.3,23
55063,7.2,26.3
55065,8,24.5
55067,7.4,28.5
55069,6.7,32.5
55071,7.1,23.5
55073,8.8,31.8
55075,5.8,30.5
55077,6.9,25.1
55078,12.2,40.2
55079,9.6,36.1
55081,7.6,29.6
55083,7.4,28.4
55085,7.5,27
55087,7.7,31.2
55089,6.2,24.5
55091,7.4,21.9
55093,7.3,23.6
55095,8.2,23.4
55097,6.9,25.3
55099,7.9,32
55101,8.1,36
55103,7.7,21.7
55105,8.1,32.6
55107,8.9,20.9
55109,7.8,29.8
55111,7.4,30.2
55113,9.9,29.7
55115,9.6,33
55117,7.9,34
55119,6.4,27.3
55121,7.3,25.8
55123,6,20.9
55125,8,31.4
55127,6.6,30.6
55129,6.1,24.8
55131,7.3,27.3
55133,6.9,24.9
55135,8.9,36
55137,7.2,26.5
55139,8.5,33.1
55141,8.7,32.5
56001,6.3,24.8
56003,7.7,27
56005,7.4,36.5
56007,8.3,31.2
56009,8.2,32
56011,6.5,29.1
56013,7.5,23.5
56015,7.7,34.1
56017,7.5,27.1
56019,5.7,25.5
56021,8.3,28.7
56023,8.5,27.8
56025,7,31.8
56027,6.7,26.7
56029,5.5,27.2
56031,6.5,24.5
56033,7.2,27.2
56035,5.9,23.2
56037,7.2,33.6
56039,4.1,11
56041,7.2,33.2
56043,7.6,24.1
56045,6.9,31.3